/*
Navicat MySQL Data Transfer

Source Server         : 本地-物联网-192.168.25.112
Source Server Version : 50640
Source Host           : 192.168.25.112:3306
Source Database       : flyjava

Target Server Type    : MYSQL
Target Server Version : 50640
File Encoding         : 65001

Date: 2018-12-10 01:30:13
*/

SET FOREIGN_KEY_CHECKS=0;

-- ----------------------------
-- Table structure for tb_data
-- ----------------------------
DROP TABLE IF EXISTS `tb_data`;
CREATE TABLE `tb_data` (
  `id` bigint(20) NOT NULL AUTO_INCREMENT COMMENT '数据ID',
  `product_id` bigint(20) NOT NULL,
  `product_cat_id` int(2) DEFAULT NULL,
  `data` varchar(500) NOT NULL COMMENT '数据。json格式',
  `created` datetime DEFAULT NULL,
  PRIMARY KEY (`id`),
  KEY `index_product_id_created` (`product_id`,`created`) USING BTREE
) ENGINE=InnoDB AUTO_INCREMENT=155 DEFAULT CHARSET=utf8;

-- ----------------------------
-- Records of tb_data
-- ----------------------------
INSERT INTO `tb_data` VALUES ('1', '20018061400001', null, '{\"t2\":22.0,\"t7\":27.0,\"h4\":44.0,\"h10\":50.0,\"t1\":21.0,\"h9\":49.0,\"t9\":29.0,\"t5\":25.0,\"t6\":26.0,\"h2\":42.0,\"h3\":43.0,\"h6\":46.0,\"t0\":20.0,\"h8\":48.0,\"t10\":30.0,\"t8\":28.0,\"h0\":40.0,\"t3\":23.0,\"h7\":47.0,\"t4\":24.0,\"h1\":41.0,\"h5\":45.0}', '2018-06-28 22:48:31');
INSERT INTO `tb_data` VALUES ('2', '20018061400001', null, '{\"t2\":22.0,\"t7\":27.0,\"h4\":44.0,\"h10\":50.0,\"t1\":21.0,\"h9\":49.0,\"t9\":29.0,\"t5\":25.0,\"t6\":26.0,\"h2\":42.0,\"h3\":43.0,\"h6\":46.0,\"t0\":null,\"h8\":48.0,\"t10\":30.0,\"t8\":28.0,\"h0\":40.0,\"t3\":23.0,\"h7\":47.0,\"t4\":24.0,\"h1\":41.0,\"h5\":45.0}', '2018-06-28 22:48:59');
INSERT INTO `tb_data` VALUES ('3', '20018061400001', null, '{\"t2\":22.0,\"t7\":27.0,\"h4\":44.0,\"h10\":50.0,\"t1\":21.0,\"h9\":49.0,\"t9\":29.0,\"t5\":25.0,\"t6\":26.0,\"h2\":42.0,\"h3\":43.0,\"h6\":46.0,\"t0\":null,\"h8\":48.0,\"t10\":30.0,\"t8\":28.0,\"h0\":40.0,\"t3\":23.0,\"h7\":47.0,\"t4\":24.0,\"h1\":41.0,\"h5\":45.0}', '2018-06-28 22:50:25');
INSERT INTO `tb_data` VALUES ('4', '20018061400001', null, '{\"t2\":22.0,\"t7\":27.0,\"h4\":44.0,\"h10\":50.0,\"t1\":21.0,\"h9\":49.0,\"t9\":29.0,\"t5\":25.0,\"t6\":26.0,\"h2\":42.0,\"h3\":43.0,\"h6\":46.0,\"t0\":null,\"h8\":48.0,\"t10\":30.0,\"t8\":28.0,\"h0\":88.0,\"t3\":23.0,\"h7\":47.0,\"t4\":24.0,\"h1\":41.0,\"h5\":45.0}', '2018-06-28 22:51:19');
INSERT INTO `tb_data` VALUES ('5', '20018061400001', null, '{\"t2\":22.0,\"t7\":27.0,\"h4\":44.0,\"h10\":50.0,\"t1\":21.0,\"h9\":49.0,\"t9\":29.0,\"t5\":25.0,\"t6\":26.0,\"h2\":42.0,\"h3\":43.0,\"h6\":46.0,\"t0\":20.0,\"h8\":48.0,\"t10\":30.0,\"t8\":28.0,\"h0\":40.0,\"t3\":23.0,\"h7\":47.0,\"t4\":24.0,\"h1\":41.0,\"h5\":45.0}', '2018-06-28 22:52:58');
INSERT INTO `tb_data` VALUES ('6', '20018061400001', null, '{\"t2\":22.0,\"t7\":27.0,\"h4\":44.0,\"h10\":50.0,\"t1\":21.0,\"h9\":49.0,\"t9\":29.0,\"t5\":25.0,\"t6\":26.0,\"h2\":42.0,\"h3\":43.0,\"h6\":46.0,\"t0\":20.0,\"h8\":48.0,\"t10\":30.0,\"t8\":28.0,\"h0\":40.0,\"t3\":23.0,\"h7\":47.0,\"t4\":24.0,\"h1\":41.0,\"h5\":45.0}', '2018-06-28 22:53:01');
INSERT INTO `tb_data` VALUES ('7', '20018061400001', null, '{\"t2\":22.0,\"t7\":27.0,\"h4\":44.0,\"h10\":50.0,\"t1\":21.0,\"h9\":49.0,\"t9\":29.0,\"t5\":25.0,\"t6\":26.0,\"h2\":42.0,\"h3\":43.0,\"h6\":46.0,\"t0\":20.0,\"h8\":48.0,\"t10\":30.0,\"t8\":28.0,\"h0\":40.0,\"t3\":23.0,\"h7\":47.0,\"t4\":24.0,\"h1\":41.0,\"h5\":45.0}', '2018-06-28 22:53:01');
INSERT INTO `tb_data` VALUES ('8', '20018061400001', null, '{\"t2\":22.0,\"t7\":27.0,\"h4\":44.0,\"h10\":50.0,\"t1\":21.0,\"h9\":49.0,\"t9\":29.0,\"t5\":25.0,\"t6\":26.0,\"h2\":42.0,\"h3\":43.0,\"h6\":46.0,\"t0\":20.0,\"h8\":48.0,\"t10\":30.0,\"t8\":28.0,\"h0\":40.0,\"t3\":23.0,\"h7\":47.0,\"t4\":24.0,\"h1\":41.0,\"h5\":45.0}', '2018-06-28 22:53:02');
INSERT INTO `tb_data` VALUES ('9', '20018061400001', null, '{\"t2\":22.0,\"t7\":27.0,\"h4\":44.0,\"h10\":50.0,\"t1\":21.0,\"h9\":49.0,\"t9\":29.0,\"t5\":25.0,\"t6\":26.0,\"h2\":42.0,\"h3\":43.0,\"h6\":46.0,\"t0\":20.0,\"h8\":48.0,\"t10\":30.0,\"t8\":28.0,\"h0\":40.0,\"t3\":23.0,\"h7\":47.0,\"t4\":24.0,\"h1\":41.0,\"h5\":45.0}', '2018-06-28 22:53:02');
INSERT INTO `tb_data` VALUES ('10', '20018061400001', null, '{\"t2\":22.0,\"t7\":27.0,\"h4\":44.0,\"h10\":50.0,\"t1\":21.0,\"h9\":49.0,\"t9\":29.0,\"t5\":25.0,\"t6\":26.0,\"h2\":42.0,\"h3\":43.0,\"h6\":46.0,\"t0\":20.0,\"h8\":48.0,\"t10\":30.0,\"t8\":28.0,\"h0\":40.0,\"t3\":23.0,\"h7\":47.0,\"t4\":24.0,\"h1\":41.0,\"h5\":45.0}', '2018-06-28 22:53:02');
INSERT INTO `tb_data` VALUES ('11', '20018061400001', null, '{\"t2\":22.0,\"t7\":27.0,\"h4\":44.0,\"h10\":50.0,\"t1\":21.0,\"h9\":49.0,\"t9\":29.0,\"t5\":25.0,\"t6\":26.0,\"h2\":42.0,\"h3\":43.0,\"h6\":46.0,\"t0\":20.0,\"h8\":48.0,\"t10\":30.0,\"t8\":28.0,\"h0\":40.0,\"t3\":23.0,\"h7\":47.0,\"t4\":24.0,\"h1\":41.0,\"h5\":45.0}', '2018-06-28 22:53:03');
INSERT INTO `tb_data` VALUES ('12', '20018061400001', null, '{\"t2\":22.0,\"t7\":27.0,\"h4\":44.0,\"h10\":50.0,\"t1\":21.0,\"h9\":49.0,\"t9\":29.0,\"t5\":25.0,\"t6\":26.0,\"h2\":42.0,\"h3\":43.0,\"h6\":46.0,\"t0\":20.0,\"h8\":48.0,\"t10\":30.0,\"t8\":28.0,\"h0\":40.0,\"t3\":23.0,\"h7\":47.0,\"t4\":24.0,\"h1\":41.0,\"h5\":45.0}', '2018-06-28 22:53:03');
INSERT INTO `tb_data` VALUES ('13', '20018061400001', null, '{\"t2\":22.0,\"t7\":27.0,\"h4\":44.0,\"h10\":50.0,\"t1\":21.0,\"h9\":49.0,\"t9\":29.0,\"t5\":25.0,\"t6\":26.0,\"h2\":42.0,\"h3\":43.0,\"h6\":46.0,\"t0\":20.0,\"h8\":48.0,\"t10\":30.0,\"t8\":28.0,\"h0\":40.0,\"t3\":23.0,\"h7\":47.0,\"t4\":24.0,\"h1\":41.0,\"h5\":45.0}', '2018-06-28 22:53:03');
INSERT INTO `tb_data` VALUES ('14', '20018061400001', null, '{\"t2\":22.0,\"t7\":27.0,\"h4\":44.0,\"h10\":50.0,\"t1\":21.0,\"h9\":49.0,\"t9\":29.0,\"t5\":25.0,\"t6\":26.0,\"h2\":42.0,\"h3\":43.0,\"h6\":46.0,\"t0\":20.0,\"h8\":48.0,\"t10\":30.0,\"t8\":28.0,\"h0\":40.0,\"t3\":23.0,\"h7\":47.0,\"t4\":24.0,\"h1\":41.0,\"h5\":45.0}', '2018-06-28 22:53:04');
INSERT INTO `tb_data` VALUES ('15', '20018061400001', null, '{\"t2\":22.0,\"t7\":27.0,\"h4\":44.0,\"h10\":50.0,\"t1\":21.0,\"h9\":49.0,\"t9\":29.0,\"t5\":25.0,\"t6\":26.0,\"h2\":42.0,\"h3\":43.0,\"h6\":46.0,\"t0\":20.0,\"h8\":48.0,\"t10\":30.0,\"t8\":28.0,\"h0\":40.0,\"t3\":23.0,\"h7\":47.0,\"t4\":24.0,\"h1\":41.0,\"h5\":45.0}', '2018-06-28 22:53:04');
INSERT INTO `tb_data` VALUES ('16', '20018061400001', null, '{\"t2\":22.0,\"t7\":27.0,\"h4\":44.0,\"h10\":50.0,\"t1\":21.0,\"h9\":49.0,\"t9\":29.0,\"t5\":25.0,\"t6\":26.0,\"h2\":42.0,\"h3\":43.0,\"h6\":46.0,\"t0\":20.0,\"h8\":48.0,\"t10\":30.0,\"t8\":28.0,\"h0\":40.0,\"t3\":23.0,\"h7\":47.0,\"t4\":24.0,\"h1\":41.0,\"h5\":45.0}', '2018-06-28 22:53:04');
INSERT INTO `tb_data` VALUES ('17', '20018061400001', null, '{\"t2\":22.0,\"t7\":27.0,\"h4\":44.0,\"h10\":50.0,\"t1\":21.0,\"h9\":49.0,\"t9\":29.0,\"t5\":25.0,\"t6\":26.0,\"h2\":42.0,\"h3\":43.0,\"h6\":46.0,\"t0\":20.0,\"h8\":48.0,\"t10\":30.0,\"t8\":28.0,\"h0\":40.0,\"t3\":23.0,\"h7\":47.0,\"t4\":24.0,\"h1\":41.0,\"h5\":45.0}', '2018-06-28 22:53:05');
INSERT INTO `tb_data` VALUES ('18', '20018061400001', null, '{\"t2\":22.0,\"t7\":27.0,\"h4\":44.0,\"h10\":50.0,\"t1\":21.0,\"h9\":49.0,\"t9\":29.0,\"t5\":25.0,\"t6\":26.0,\"h2\":42.0,\"h3\":43.0,\"h6\":46.0,\"t0\":20.0,\"h8\":48.0,\"t10\":30.0,\"t8\":28.0,\"h0\":40.0,\"t3\":23.0,\"h7\":47.0,\"t4\":24.0,\"h1\":41.0,\"h5\":45.0}', '2018-06-28 22:53:05');
INSERT INTO `tb_data` VALUES ('19', '20018061400001', null, '{\"t2\":22.0,\"t7\":27.0,\"h4\":44.0,\"h10\":50.0,\"t1\":21.0,\"h9\":49.0,\"t9\":29.0,\"t5\":25.0,\"t6\":26.0,\"h2\":42.0,\"h3\":43.0,\"h6\":46.0,\"t0\":20.0,\"h8\":48.0,\"t10\":30.0,\"t8\":28.0,\"h0\":40.0,\"t3\":23.0,\"h7\":47.0,\"t4\":24.0,\"h1\":41.0,\"h5\":45.0}', '2018-06-28 22:53:05');
INSERT INTO `tb_data` VALUES ('20', '20018061400001', null, '{\"t2\":22.0,\"t7\":27.0,\"h4\":44.0,\"h10\":50.0,\"t1\":21.0,\"h9\":49.0,\"t9\":29.0,\"t5\":25.0,\"t6\":26.0,\"h2\":42.0,\"h3\":43.0,\"h6\":46.0,\"t0\":20.0,\"h8\":48.0,\"t10\":30.0,\"t8\":28.0,\"h0\":40.0,\"t3\":23.0,\"h7\":47.0,\"t4\":24.0,\"h1\":41.0,\"h5\":45.0}', '2018-06-28 22:53:06');
INSERT INTO `tb_data` VALUES ('21', '20018061400001', null, '{\"t2\":22.0,\"t7\":27.0,\"h4\":44.0,\"h10\":50.0,\"t1\":21.0,\"h9\":49.0,\"t9\":29.0,\"t5\":25.0,\"t6\":26.0,\"h2\":42.0,\"h3\":43.0,\"h6\":46.0,\"t0\":20.0,\"h8\":48.0,\"t10\":30.0,\"t8\":28.0,\"h0\":40.0,\"t3\":23.0,\"h7\":47.0,\"t4\":24.0,\"h1\":41.0,\"h5\":45.0}', '2018-06-28 22:53:06');
INSERT INTO `tb_data` VALUES ('22', '20018061400001', null, '{\"t2\":22.0,\"t7\":27.0,\"h4\":44.0,\"h10\":50.0,\"t1\":21.0,\"h9\":49.0,\"t9\":29.0,\"t5\":25.0,\"t6\":26.0,\"h2\":42.0,\"h3\":43.0,\"h6\":46.0,\"t0\":20.0,\"h8\":48.0,\"t10\":30.0,\"t8\":28.0,\"h0\":40.0,\"t3\":23.0,\"h7\":47.0,\"t4\":24.0,\"h1\":41.0,\"h5\":45.0}', '2018-06-28 22:53:06');
INSERT INTO `tb_data` VALUES ('23', '20018061400001', null, '{\"t2\":22.0,\"t7\":27.0,\"h4\":44.0,\"h10\":50.0,\"t1\":21.0,\"h9\":49.0,\"t9\":29.0,\"t5\":25.0,\"t6\":26.0,\"h2\":42.0,\"h3\":43.0,\"h6\":46.0,\"t0\":20.0,\"h8\":48.0,\"t10\":30.0,\"t8\":28.0,\"h0\":40.0,\"t3\":23.0,\"h7\":47.0,\"t4\":24.0,\"h1\":41.0,\"h5\":45.0}', '2018-06-28 22:53:06');
INSERT INTO `tb_data` VALUES ('24', '20018061400001', null, '{\"t2\":22.0,\"t7\":27.0,\"h4\":44.0,\"h10\":50.0,\"t1\":21.0,\"h9\":49.0,\"t9\":29.0,\"t5\":25.0,\"t6\":26.0,\"h2\":42.0,\"h3\":43.0,\"h6\":46.0,\"t0\":20.0,\"h8\":48.0,\"t10\":30.0,\"t8\":28.0,\"h0\":40.0,\"t3\":23.0,\"h7\":47.0,\"t4\":24.0,\"h1\":41.0,\"h5\":45.0}', '2018-06-28 22:53:07');
INSERT INTO `tb_data` VALUES ('25', '20018061400001', null, '{\"t2\":22.0,\"t7\":27.0,\"h4\":44.0,\"h10\":50.0,\"t1\":21.0,\"h9\":49.0,\"t9\":29.0,\"t5\":25.0,\"t6\":26.0,\"h2\":42.0,\"h3\":43.0,\"h6\":46.0,\"t0\":20.0,\"h8\":48.0,\"t10\":30.0,\"t8\":28.0,\"h0\":40.0,\"t3\":23.0,\"h7\":47.0,\"t4\":24.0,\"h1\":41.0,\"h5\":45.0}', '2018-06-28 22:53:07');
INSERT INTO `tb_data` VALUES ('26', '20018061400001', null, '{\"h9\":49.0,\"h2\":42.0,\"t0\":20.0,\"t1\":21.0,\"t4\":24.0,\"t3\":23.0,\"t10\":30.0,\"h1\":41.0,\"t5\":25.0,\"h4\":44.0,\"t2\":22.0,\"h6\":46.0,\"h7\":47.0,\"t6\":26.0,\"t7\":27.0,\"t8\":28.0,\"h0\":40.0,\"t9\":29.0,\"h8\":48.0,\"h3\":43.0,\"h5\":45.0,\"h10\":50.0}', '2018-07-02 23:13:56');
INSERT INTO `tb_data` VALUES ('27', '20018061400001', null, '{\"h9\":49.0,\"h2\":42.0,\"t0\":20.0,\"t1\":21.0,\"t4\":24.0,\"t3\":23.0,\"t10\":30.0,\"h1\":41.0,\"t5\":25.0,\"h4\":44.0,\"t2\":22.0,\"h6\":46.0,\"h7\":47.0,\"t6\":26.0,\"t7\":27.0,\"t8\":28.0,\"h0\":40.0,\"t9\":29.0,\"h8\":48.0,\"h3\":43.0,\"h5\":45.0,\"h10\":50.0}', '2018-07-02 23:13:58');
INSERT INTO `tb_data` VALUES ('28', '20018061400001', null, '{\"h9\":49.0,\"h2\":42.0,\"t0\":20.0,\"t1\":21.0,\"t4\":24.0,\"t3\":23.0,\"t10\":30.0,\"h1\":41.0,\"t5\":25.0,\"h4\":44.0,\"t2\":22.0,\"h6\":46.0,\"h7\":47.0,\"t6\":26.0,\"t7\":27.0,\"t8\":28.0,\"h0\":40.0,\"t9\":29.0,\"h8\":48.0,\"h3\":43.0,\"h5\":45.0,\"h10\":50.0}', '2018-07-02 23:13:59');
INSERT INTO `tb_data` VALUES ('29', '20018061400001', null, '{\"h9\":49.0,\"h2\":42.0,\"t0\":20.0,\"t1\":21.0,\"t4\":24.0,\"t3\":23.0,\"t10\":30.0,\"h1\":41.0,\"t5\":25.0,\"h4\":44.0,\"t2\":22.0,\"h6\":46.0,\"h7\":47.0,\"t6\":26.0,\"t7\":27.0,\"t8\":28.0,\"h0\":40.0,\"t9\":29.0,\"h8\":48.0,\"h3\":43.0,\"h5\":45.0,\"h10\":50.0}', '2018-07-02 23:14:00');
INSERT INTO `tb_data` VALUES ('30', '20018061400001', null, '{\"h9\":49.0,\"h2\":42.0,\"t0\":20.0,\"t1\":21.0,\"t4\":24.0,\"t3\":23.0,\"t10\":30.0,\"h1\":41.0,\"t5\":25.0,\"h4\":44.0,\"t2\":22.0,\"h6\":46.0,\"h7\":47.0,\"t6\":26.0,\"t7\":27.0,\"t8\":28.0,\"h0\":40.0,\"t9\":29.0,\"h8\":48.0,\"h3\":43.0,\"h5\":45.0,\"h10\":50.0}', '2018-07-02 23:14:00');
INSERT INTO `tb_data` VALUES ('31', '20018061400001', null, '{\"h9\":49.0,\"h2\":42.0,\"t0\":20.0,\"t1\":21.0,\"t4\":24.0,\"t3\":23.0,\"t10\":30.0,\"h1\":41.0,\"t5\":25.0,\"h4\":44.0,\"t2\":22.0,\"h6\":46.0,\"h7\":47.0,\"t6\":26.0,\"t7\":27.0,\"t8\":28.0,\"h0\":40.0,\"t9\":29.0,\"h8\":48.0,\"h3\":43.0,\"h5\":45.0,\"h10\":50.0}', '2018-07-02 23:14:01');
INSERT INTO `tb_data` VALUES ('32', '20018061400001', null, '{\"h9\":49.0,\"h2\":42.0,\"t0\":20.0,\"t1\":21.0,\"t4\":24.0,\"t3\":23.0,\"t10\":30.0,\"h1\":41.0,\"t5\":25.0,\"h4\":44.0,\"t2\":22.0,\"h6\":46.0,\"h7\":47.0,\"t6\":26.0,\"t7\":27.0,\"t8\":28.0,\"h0\":40.0,\"t9\":29.0,\"h8\":48.0,\"h3\":43.0,\"h5\":45.0,\"h10\":50.0}', '2018-07-02 23:14:01');
INSERT INTO `tb_data` VALUES ('33', '20018061400001', null, '{\"h9\":49.0,\"h2\":42.0,\"t0\":20.0,\"t1\":21.0,\"t4\":24.0,\"t3\":23.0,\"t10\":30.0,\"h1\":41.0,\"t5\":25.0,\"h4\":44.0,\"t2\":22.0,\"h6\":46.0,\"h7\":47.0,\"t6\":26.0,\"t7\":27.0,\"t8\":28.0,\"h0\":40.0,\"t9\":29.0,\"h8\":48.0,\"h3\":43.0,\"h5\":45.0,\"h10\":50.0}', '2018-07-02 23:14:02');
INSERT INTO `tb_data` VALUES ('34', '20018061400001', null, '{\"h9\":49.0,\"h2\":42.0,\"t0\":20.0,\"t1\":21.0,\"t4\":24.0,\"t3\":23.0,\"t10\":30.0,\"h1\":41.0,\"t5\":25.0,\"h4\":44.0,\"t2\":22.0,\"h6\":46.0,\"h7\":47.0,\"t6\":26.0,\"t7\":27.0,\"t8\":28.0,\"h0\":40.0,\"t9\":29.0,\"h8\":48.0,\"h3\":43.0,\"h5\":45.0,\"h10\":50.0}', '2018-07-02 23:14:02');
INSERT INTO `tb_data` VALUES ('35', '20018061400001', null, '{\"h9\":49.0,\"h2\":42.0,\"t0\":20.0,\"t1\":21.0,\"t4\":24.0,\"t3\":23.0,\"t10\":30.0,\"h1\":41.0,\"t5\":25.0,\"h4\":44.0,\"t2\":22.0,\"h6\":46.0,\"h7\":47.0,\"t6\":26.0,\"t7\":27.0,\"t8\":28.0,\"h0\":40.0,\"t9\":29.0,\"h8\":48.0,\"h3\":43.0,\"h5\":45.0,\"h10\":50.0}', '2018-07-02 23:14:02');
INSERT INTO `tb_data` VALUES ('36', '20018061400001', null, '{\"h9\":49.0,\"h2\":42.0,\"t0\":20.0,\"t1\":21.0,\"t4\":24.0,\"t3\":23.0,\"t10\":30.0,\"h1\":41.0,\"t5\":25.0,\"h4\":44.0,\"t2\":22.0,\"h6\":46.0,\"h7\":47.0,\"t6\":26.0,\"t7\":27.0,\"t8\":28.0,\"h0\":40.0,\"t9\":29.0,\"h8\":48.0,\"h3\":43.0,\"h5\":45.0,\"h10\":50.0}', '2018-07-02 23:14:03');
INSERT INTO `tb_data` VALUES ('37', '20018061400001', null, '{\"h9\":49.0,\"h2\":42.0,\"t0\":20.0,\"t1\":21.0,\"t4\":24.0,\"t3\":23.0,\"t10\":30.0,\"h1\":41.0,\"t5\":25.0,\"h4\":44.0,\"t2\":22.0,\"h6\":46.0,\"h7\":47.0,\"t6\":26.0,\"t7\":27.0,\"t8\":28.0,\"h0\":40.0,\"t9\":29.0,\"h8\":48.0,\"h3\":43.0,\"h5\":45.0,\"h10\":50.0}', '2018-07-02 23:14:03');
INSERT INTO `tb_data` VALUES ('38', '20018061400001', null, '{\"h9\":49.0,\"h2\":42.0,\"t0\":20.0,\"t1\":21.0,\"t4\":24.0,\"t3\":23.0,\"t10\":30.0,\"h1\":41.0,\"t5\":25.0,\"h4\":44.0,\"t2\":22.0,\"h6\":46.0,\"h7\":47.0,\"t6\":26.0,\"t7\":27.0,\"t8\":28.0,\"h0\":40.0,\"t9\":29.0,\"h8\":48.0,\"h3\":43.0,\"h5\":45.0,\"h10\":50.0}', '2018-07-02 23:14:03');
INSERT INTO `tb_data` VALUES ('39', '20018061400001', null, '{\"h9\":49.0,\"h2\":42.0,\"t0\":20.0,\"t1\":21.0,\"t4\":24.0,\"t3\":23.0,\"t10\":30.0,\"h1\":41.0,\"t5\":25.0,\"h4\":44.0,\"t2\":22.0,\"h6\":46.0,\"h7\":47.0,\"t6\":26.0,\"t7\":27.0,\"t8\":28.0,\"h0\":40.0,\"t9\":29.0,\"h8\":48.0,\"h3\":43.0,\"h5\":45.0,\"h10\":50.0}', '2018-07-02 23:14:03');
INSERT INTO `tb_data` VALUES ('40', '20018061400001', null, '{\"h8\":48.0,\"t3\":23.0,\"h1\":41.0,\"h5\":45.0,\"t6\":26.0,\"h10\":50.0,\"h0\":40.0,\"t8\":28.0,\"t9\":29.0,\"t10\":30.0,\"t5\":25.0,\"h2\":42.0,\"t7\":27.0,\"t0\":10.0,\"h3\":43.0,\"h6\":46.0,\"h9\":49.0,\"h7\":47.0,\"t2\":22.0,\"h4\":44.0,\"t4\":24.0,\"t1\":21.0}', '2018-07-02 23:24:25');
INSERT INTO `tb_data` VALUES ('41', '20018061400001', null, '{\"h8\":48.0,\"t3\":23.0,\"h1\":41.0,\"h5\":45.0,\"t6\":26.0,\"h10\":50.0,\"h0\":40.0,\"t8\":28.0,\"t9\":29.0,\"t10\":30.0,\"t5\":25.0,\"h2\":42.0,\"t7\":27.0,\"t0\":10.0,\"h3\":43.0,\"h6\":46.0,\"h9\":49.0,\"h7\":47.0,\"t2\":22.0,\"h4\":44.0,\"t4\":24.0,\"t1\":21.0}', '2018-07-02 23:24:30');
INSERT INTO `tb_data` VALUES ('42', '20018061400001', null, '{\"h8\":48.0,\"t3\":23.0,\"h1\":41.0,\"h5\":45.0,\"t6\":26.0,\"h10\":50.0,\"h0\":40.0,\"t8\":28.0,\"t9\":29.0,\"t10\":30.0,\"t5\":25.0,\"h2\":42.0,\"t7\":27.0,\"t0\":10.0,\"h3\":43.0,\"h6\":46.0,\"h9\":49.0,\"h7\":47.0,\"t2\":22.0,\"h4\":44.0,\"t4\":24.0,\"t1\":21.0}', '2018-07-02 23:24:31');
INSERT INTO `tb_data` VALUES ('43', '20018061400001', null, '{\"h8\":48.0,\"t3\":23.0,\"h1\":41.0,\"h5\":45.0,\"t6\":26.0,\"h10\":50.0,\"h0\":40.0,\"t8\":28.0,\"t9\":29.0,\"t10\":30.0,\"t5\":25.0,\"h2\":42.0,\"t7\":27.0,\"t0\":10.0,\"h3\":43.0,\"h6\":46.0,\"h9\":49.0,\"h7\":47.0,\"t2\":22.0,\"h4\":44.0,\"t4\":24.0,\"t1\":21.0}', '2018-07-02 23:24:32');
INSERT INTO `tb_data` VALUES ('44', '20018061400001', null, '{\"h8\":48.0,\"t3\":23.0,\"h1\":41.0,\"h5\":45.0,\"t6\":26.0,\"h10\":50.0,\"h0\":40.0,\"t8\":28.0,\"t9\":29.0,\"t10\":30.0,\"t5\":25.0,\"h2\":42.0,\"t7\":27.0,\"t0\":10.0,\"h3\":43.0,\"h6\":46.0,\"h9\":49.0,\"h7\":47.0,\"t2\":22.0,\"h4\":44.0,\"t4\":24.0,\"t1\":21.0}', '2018-07-02 23:24:32');
INSERT INTO `tb_data` VALUES ('45', '20018061400001', null, '{\"h8\":48.0,\"t3\":23.0,\"h1\":41.0,\"h5\":45.0,\"t6\":26.0,\"h10\":50.0,\"h0\":40.0,\"t8\":28.0,\"t9\":29.0,\"t10\":30.0,\"t5\":25.0,\"h2\":42.0,\"t7\":27.0,\"t0\":10.0,\"h3\":43.0,\"h6\":46.0,\"h9\":49.0,\"h7\":47.0,\"t2\":22.0,\"h4\":44.0,\"t4\":24.0,\"t1\":21.0}', '2018-07-02 23:24:33');
INSERT INTO `tb_data` VALUES ('46', '20018061400001', null, '{\"h8\":48.0,\"t3\":23.0,\"h1\":41.0,\"h5\":45.0,\"t6\":26.0,\"h10\":50.0,\"h0\":40.0,\"t8\":28.0,\"t9\":29.0,\"t10\":30.0,\"t5\":25.0,\"h2\":42.0,\"t7\":27.0,\"t0\":10.0,\"h3\":43.0,\"h6\":46.0,\"h9\":49.0,\"h7\":47.0,\"t2\":22.0,\"h4\":44.0,\"t4\":24.0,\"t1\":21.0}', '2018-07-02 23:24:33');
INSERT INTO `tb_data` VALUES ('47', '20018061400001', null, '{\"h8\":48.0,\"t3\":23.0,\"h1\":41.0,\"h5\":45.0,\"t6\":26.0,\"h10\":50.0,\"h0\":40.0,\"t8\":28.0,\"t9\":29.0,\"t10\":30.0,\"t5\":25.0,\"h2\":42.0,\"t7\":27.0,\"t0\":10.0,\"h3\":43.0,\"h6\":46.0,\"h9\":49.0,\"h7\":47.0,\"t2\":22.0,\"h4\":44.0,\"t4\":24.0,\"t1\":21.0}', '2018-07-02 23:24:33');
INSERT INTO `tb_data` VALUES ('48', '20018061400001', null, '{\"h8\":48.0,\"t3\":23.0,\"h1\":41.0,\"h5\":45.0,\"t6\":26.0,\"h10\":50.0,\"h0\":40.0,\"t8\":28.0,\"t9\":29.0,\"t10\":30.0,\"t5\":25.0,\"h2\":42.0,\"t7\":27.0,\"t0\":10.0,\"h3\":43.0,\"h6\":46.0,\"h9\":49.0,\"h7\":47.0,\"t2\":22.0,\"h4\":44.0,\"t4\":24.0,\"t1\":21.0}', '2018-07-02 23:24:33');
INSERT INTO `tb_data` VALUES ('49', '20018061400001', null, '{\"h8\":48.0,\"t3\":23.0,\"h1\":41.0,\"h5\":45.0,\"t6\":26.0,\"h10\":50.0,\"h0\":40.0,\"t8\":28.0,\"t9\":29.0,\"t10\":30.0,\"t5\":25.0,\"h2\":42.0,\"t7\":27.0,\"t0\":10.0,\"h3\":43.0,\"h6\":46.0,\"h9\":49.0,\"h7\":47.0,\"t2\":22.0,\"h4\":44.0,\"t4\":24.0,\"t1\":21.0}', '2018-07-02 23:24:34');
INSERT INTO `tb_data` VALUES ('50', '20018061400001', null, '{\"h8\":48.0,\"t3\":23.0,\"h1\":41.0,\"h5\":45.0,\"t6\":26.0,\"h10\":50.0,\"h0\":40.0,\"t8\":28.0,\"t9\":29.0,\"t10\":30.0,\"t5\":25.0,\"h2\":42.0,\"t7\":27.0,\"t0\":10.0,\"h3\":43.0,\"h6\":46.0,\"h9\":49.0,\"h7\":47.0,\"t2\":22.0,\"h4\":44.0,\"t4\":24.0,\"t1\":21.0}', '2018-07-02 23:24:34');
INSERT INTO `tb_data` VALUES ('51', '20018061400001', null, '{\"h8\":48.0,\"t3\":23.0,\"h1\":41.0,\"h5\":45.0,\"t6\":26.0,\"h10\":50.0,\"h0\":40.0,\"t8\":28.0,\"t9\":29.0,\"t10\":30.0,\"t5\":25.0,\"h2\":42.0,\"t7\":27.0,\"t0\":10.0,\"h3\":43.0,\"h6\":46.0,\"h9\":49.0,\"h7\":47.0,\"t2\":22.0,\"h4\":44.0,\"t4\":24.0,\"t1\":21.0}', '2018-07-02 23:24:35');
INSERT INTO `tb_data` VALUES ('52', '20018061400001', null, '{\"h8\":48.0,\"t3\":23.0,\"h1\":41.0,\"h5\":45.0,\"t6\":26.0,\"h10\":50.0,\"h0\":40.0,\"t8\":28.0,\"t9\":29.0,\"t10\":30.0,\"t5\":25.0,\"h2\":42.0,\"t7\":27.0,\"t0\":10.0,\"h3\":43.0,\"h6\":46.0,\"h9\":49.0,\"h7\":47.0,\"t2\":22.0,\"h4\":44.0,\"t4\":24.0,\"t1\":21.0}', '2018-07-02 23:24:35');
INSERT INTO `tb_data` VALUES ('53', '20018061400001', null, '{\"h8\":48.0,\"t3\":23.0,\"h1\":41.0,\"h5\":45.0,\"t6\":26.0,\"h10\":50.0,\"h0\":40.0,\"t8\":28.0,\"t9\":29.0,\"t10\":30.0,\"t5\":25.0,\"h2\":42.0,\"t7\":27.0,\"t0\":10.0,\"h3\":43.0,\"h6\":46.0,\"h9\":49.0,\"h7\":47.0,\"t2\":22.0,\"h4\":44.0,\"t4\":24.0,\"t1\":21.0}', '2018-07-02 23:24:35');
INSERT INTO `tb_data` VALUES ('54', '20018061400001', null, '{\"h8\":48.0,\"t3\":23.0,\"h1\":41.0,\"h5\":45.0,\"t6\":26.0,\"h10\":50.0,\"h0\":40.0,\"t8\":28.0,\"t9\":29.0,\"t10\":30.0,\"t5\":25.0,\"h2\":42.0,\"t7\":27.0,\"t0\":10.0,\"h3\":43.0,\"h6\":46.0,\"h9\":49.0,\"h7\":47.0,\"t2\":22.0,\"h4\":44.0,\"t4\":24.0,\"t1\":21.0}', '2018-07-02 23:24:36');
INSERT INTO `tb_data` VALUES ('55', '20018061400001', null, '{\"h8\":48.0,\"t3\":23.0,\"h1\":41.0,\"h5\":45.0,\"t6\":26.0,\"h10\":50.0,\"h0\":40.0,\"t8\":28.0,\"t9\":29.0,\"t10\":30.0,\"t5\":25.0,\"h2\":42.0,\"t7\":27.0,\"t0\":10.0,\"h3\":43.0,\"h6\":46.0,\"h9\":49.0,\"h7\":47.0,\"t2\":22.0,\"h4\":44.0,\"t4\":24.0,\"t1\":21.0}', '2018-07-02 23:24:36');
INSERT INTO `tb_data` VALUES ('56', '20018061400001', null, '{\"h8\":48.0,\"t3\":23.0,\"h1\":41.0,\"h5\":45.0,\"t6\":26.0,\"h10\":50.0,\"h0\":40.0,\"t8\":28.0,\"t9\":29.0,\"t10\":30.0,\"t5\":25.0,\"h2\":42.0,\"t7\":27.0,\"t0\":10.0,\"h3\":43.0,\"h6\":46.0,\"h9\":49.0,\"h7\":47.0,\"t2\":22.0,\"h4\":44.0,\"t4\":24.0,\"t1\":21.0}', '2018-07-02 23:24:36');
INSERT INTO `tb_data` VALUES ('57', '20018061400001', null, '{\"h8\":48.0,\"t3\":23.0,\"h1\":41.0,\"h5\":45.0,\"t6\":26.0,\"h10\":50.0,\"h0\":40.0,\"t8\":28.0,\"t9\":29.0,\"t10\":30.0,\"t5\":25.0,\"h2\":42.0,\"t7\":27.0,\"t0\":10.0,\"h3\":43.0,\"h6\":46.0,\"h9\":49.0,\"h7\":47.0,\"t2\":22.0,\"h4\":44.0,\"t4\":24.0,\"t1\":21.0}', '2018-07-02 23:24:36');
INSERT INTO `tb_data` VALUES ('58', '20018061400001', null, '{\"h8\":48.0,\"t3\":23.0,\"h1\":41.0,\"h5\":45.0,\"t6\":26.0,\"h10\":50.0,\"h0\":40.0,\"t8\":28.0,\"t9\":29.0,\"t10\":30.0,\"t5\":25.0,\"h2\":42.0,\"t7\":27.0,\"t0\":10.0,\"h3\":43.0,\"h6\":46.0,\"h9\":49.0,\"h7\":47.0,\"t2\":22.0,\"h4\":44.0,\"t4\":24.0,\"t1\":21.0}', '2018-07-02 23:24:37');
INSERT INTO `tb_data` VALUES ('59', '20018061400001', null, '{\"h8\":48.0,\"t3\":23.0,\"h1\":41.0,\"h5\":45.0,\"t6\":26.0,\"h10\":50.0,\"h0\":40.0,\"t8\":28.0,\"t9\":29.0,\"t10\":30.0,\"t5\":25.0,\"h2\":42.0,\"t7\":27.0,\"t0\":10.0,\"h3\":43.0,\"h6\":46.0,\"h9\":49.0,\"h7\":47.0,\"t2\":22.0,\"h4\":44.0,\"t4\":24.0,\"t1\":21.0}', '2018-07-02 23:24:37');
INSERT INTO `tb_data` VALUES ('60', '20018061400001', null, '{\"h8\":48.0,\"t3\":23.0,\"h1\":41.0,\"h5\":45.0,\"t6\":26.0,\"h10\":50.0,\"h0\":40.0,\"t8\":28.0,\"t9\":29.0,\"t10\":30.0,\"t5\":25.0,\"h2\":42.0,\"t7\":27.0,\"t0\":10.0,\"h3\":43.0,\"h6\":46.0,\"h9\":49.0,\"h7\":47.0,\"t2\":22.0,\"h4\":44.0,\"t4\":24.0,\"t1\":21.0}', '2018-07-02 23:24:37');
INSERT INTO `tb_data` VALUES ('61', '20018061400001', null, '{\"h8\":48.0,\"t3\":23.0,\"h1\":41.0,\"h5\":45.0,\"t6\":26.0,\"h10\":50.0,\"h0\":40.0,\"t8\":28.0,\"t9\":29.0,\"t10\":30.0,\"t5\":25.0,\"h2\":42.0,\"t7\":27.0,\"t0\":10.0,\"h3\":43.0,\"h6\":46.0,\"h9\":49.0,\"h7\":47.0,\"t2\":22.0,\"h4\":44.0,\"t4\":24.0,\"t1\":21.0}', '2018-07-02 23:24:38');
INSERT INTO `tb_data` VALUES ('62', '20018061400001', null, '{\"h8\":48.0,\"t3\":23.0,\"h1\":41.0,\"h5\":45.0,\"t6\":26.0,\"h10\":50.0,\"h0\":40.0,\"t8\":28.0,\"t9\":29.0,\"t10\":30.0,\"t5\":25.0,\"h2\":42.0,\"t7\":27.0,\"t0\":10.0,\"h3\":43.0,\"h6\":46.0,\"h9\":49.0,\"h7\":47.0,\"t2\":22.0,\"h4\":44.0,\"t4\":24.0,\"t1\":21.0}', '2018-07-02 23:24:38');
INSERT INTO `tb_data` VALUES ('63', '20018061400001', null, '{\"h8\":48.0,\"t3\":23.0,\"h1\":41.0,\"h5\":45.0,\"t6\":26.0,\"h10\":50.0,\"h0\":40.0,\"t8\":28.0,\"t9\":29.0,\"t10\":30.0,\"t5\":25.0,\"h2\":42.0,\"t7\":27.0,\"t0\":10.0,\"h3\":43.0,\"h6\":46.0,\"h9\":49.0,\"h7\":47.0,\"t2\":22.0,\"h4\":44.0,\"t4\":24.0,\"t1\":21.0}', '2018-07-02 23:24:38');
INSERT INTO `tb_data` VALUES ('64', '20018061400001', null, '{\"h8\":48.0,\"t3\":23.0,\"h1\":41.0,\"h5\":45.0,\"t6\":26.0,\"h10\":50.0,\"h0\":40.0,\"t8\":28.0,\"t9\":29.0,\"t10\":30.0,\"t5\":25.0,\"h2\":42.0,\"t7\":27.0,\"t0\":10.0,\"h3\":43.0,\"h6\":46.0,\"h9\":49.0,\"h7\":47.0,\"t2\":22.0,\"h4\":44.0,\"t4\":24.0,\"t1\":21.0}', '2018-07-02 23:24:39');
INSERT INTO `tb_data` VALUES ('65', '20018061400001', null, '{\"h8\":48.0,\"t3\":23.0,\"h1\":41.0,\"h5\":45.0,\"t6\":26.0,\"h10\":50.0,\"h0\":40.0,\"t8\":28.0,\"t9\":29.0,\"t10\":30.0,\"t5\":25.0,\"h2\":42.0,\"t7\":27.0,\"t0\":10.0,\"h3\":43.0,\"h6\":46.0,\"h9\":49.0,\"h7\":47.0,\"t2\":22.0,\"h4\":44.0,\"t4\":24.0,\"t1\":21.0}', '2018-07-02 23:24:39');
INSERT INTO `tb_data` VALUES ('66', '20018061400001', null, '{\"h8\":48.0,\"t3\":23.0,\"h1\":41.0,\"h5\":45.0,\"t6\":26.0,\"h10\":50.0,\"h0\":40.0,\"t8\":28.0,\"t9\":29.0,\"t10\":30.0,\"t5\":25.0,\"h2\":42.0,\"t7\":27.0,\"t0\":10.0,\"h3\":43.0,\"h6\":46.0,\"h9\":49.0,\"h7\":47.0,\"t2\":22.0,\"h4\":44.0,\"t4\":24.0,\"t1\":21.0}', '2018-07-02 23:24:39');
INSERT INTO `tb_data` VALUES ('67', '20018061400001', null, '{\"h8\":48.0,\"t3\":23.0,\"h1\":41.0,\"h5\":45.0,\"t6\":26.0,\"h10\":50.0,\"h0\":40.0,\"t8\":28.0,\"t9\":29.0,\"t10\":30.0,\"t5\":25.0,\"h2\":42.0,\"t7\":27.0,\"t0\":10.0,\"h3\":43.0,\"h6\":46.0,\"h9\":49.0,\"h7\":47.0,\"t2\":22.0,\"h4\":44.0,\"t4\":24.0,\"t1\":21.0}', '2018-07-02 23:24:39');
INSERT INTO `tb_data` VALUES ('68', '20018061400001', null, '{\"h8\":48.0,\"t3\":23.0,\"h1\":41.0,\"h5\":45.0,\"t6\":26.0,\"h10\":50.0,\"h0\":40.0,\"t8\":28.0,\"t9\":29.0,\"t10\":30.0,\"t5\":25.0,\"h2\":42.0,\"t7\":27.0,\"t0\":10.0,\"h3\":43.0,\"h6\":46.0,\"h9\":49.0,\"h7\":47.0,\"t2\":22.0,\"h4\":44.0,\"t4\":24.0,\"t1\":21.0}', '2018-07-02 23:24:40');
INSERT INTO `tb_data` VALUES ('69', '20018061400001', null, '{\"h8\":48.0,\"t3\":23.0,\"h1\":41.0,\"h5\":45.0,\"t6\":26.0,\"h10\":50.0,\"h0\":40.0,\"t8\":28.0,\"t9\":29.0,\"t10\":30.0,\"t5\":25.0,\"h2\":42.0,\"t7\":27.0,\"t0\":10.0,\"h3\":43.0,\"h6\":46.0,\"h9\":49.0,\"h7\":47.0,\"t2\":22.0,\"h4\":44.0,\"t4\":24.0,\"t1\":21.0}', '2018-07-02 23:24:40');
INSERT INTO `tb_data` VALUES ('70', '20018061400001', null, '{\"h8\":48.0,\"t3\":23.0,\"h1\":41.0,\"h5\":45.0,\"t6\":26.0,\"h10\":50.0,\"h0\":40.0,\"t8\":28.0,\"t9\":29.0,\"t10\":30.0,\"t5\":25.0,\"h2\":42.0,\"t7\":27.0,\"t0\":10.0,\"h3\":43.0,\"h6\":46.0,\"h9\":49.0,\"h7\":47.0,\"t2\":22.0,\"h4\":44.0,\"t4\":24.0,\"t1\":21.0}', '2018-07-02 23:24:40');
INSERT INTO `tb_data` VALUES ('71', '20018061400001', null, '{\"h8\":48.0,\"t3\":23.0,\"h1\":41.0,\"h5\":45.0,\"t6\":26.0,\"h10\":50.0,\"h0\":40.0,\"t8\":28.0,\"t9\":29.0,\"t10\":30.0,\"t5\":25.0,\"h2\":42.0,\"t7\":27.0,\"t0\":10.0,\"h3\":43.0,\"h6\":46.0,\"h9\":49.0,\"h7\":47.0,\"t2\":22.0,\"h4\":44.0,\"t4\":24.0,\"t1\":21.0}', '2018-07-02 23:24:41');
INSERT INTO `tb_data` VALUES ('72', '20018061400001', null, '{\"h8\":48.0,\"t3\":23.0,\"h1\":41.0,\"h5\":45.0,\"t6\":26.0,\"h10\":50.0,\"h0\":40.0,\"t8\":28.0,\"t9\":29.0,\"t10\":30.0,\"t5\":25.0,\"h2\":42.0,\"t7\":27.0,\"t0\":10.0,\"h3\":43.0,\"h6\":46.0,\"h9\":49.0,\"h7\":47.0,\"t2\":22.0,\"h4\":44.0,\"t4\":24.0,\"t1\":21.0}', '2018-07-02 23:24:41');
INSERT INTO `tb_data` VALUES ('73', '20018061400001', null, '{\"h8\":48.0,\"t3\":23.0,\"h1\":41.0,\"h5\":45.0,\"t6\":26.0,\"h10\":50.0,\"h0\":40.0,\"t8\":28.0,\"t9\":29.0,\"t10\":30.0,\"t5\":25.0,\"h2\":42.0,\"t7\":27.0,\"t0\":10.0,\"h3\":43.0,\"h6\":46.0,\"h9\":49.0,\"h7\":47.0,\"t2\":22.0,\"h4\":44.0,\"t4\":24.0,\"t1\":21.0}', '2018-07-02 23:24:41');
INSERT INTO `tb_data` VALUES ('74', '20018061400001', null, '{\"h8\":48.0,\"t3\":23.0,\"h1\":41.0,\"h5\":45.0,\"t6\":26.0,\"h10\":50.0,\"h0\":40.0,\"t8\":28.0,\"t9\":29.0,\"t10\":30.0,\"t5\":25.0,\"h2\":42.0,\"t7\":27.0,\"t0\":10.0,\"h3\":43.0,\"h6\":46.0,\"h9\":49.0,\"h7\":47.0,\"t2\":22.0,\"h4\":44.0,\"t4\":24.0,\"t1\":21.0}', '2018-07-02 23:24:41');
INSERT INTO `tb_data` VALUES ('75', '20018061400001', null, '{\"h8\":48.0,\"t3\":23.0,\"h1\":41.0,\"h5\":45.0,\"t6\":26.0,\"h10\":50.0,\"h0\":40.0,\"t8\":28.0,\"t9\":29.0,\"t10\":30.0,\"t5\":25.0,\"h2\":42.0,\"t7\":27.0,\"t0\":10.0,\"h3\":43.0,\"h6\":46.0,\"h9\":49.0,\"h7\":47.0,\"t2\":22.0,\"h4\":44.0,\"t4\":24.0,\"t1\":21.0}', '2018-07-02 23:24:42');
INSERT INTO `tb_data` VALUES ('76', '20018061400001', null, '{\"h8\":48.0,\"t3\":23.0,\"h1\":41.0,\"h5\":45.0,\"t6\":26.0,\"h10\":50.0,\"h0\":40.0,\"t8\":28.0,\"t9\":29.0,\"t10\":30.0,\"t5\":25.0,\"h2\":42.0,\"t7\":27.0,\"t0\":10.0,\"h3\":43.0,\"h6\":46.0,\"h9\":49.0,\"h7\":47.0,\"t2\":22.0,\"h4\":44.0,\"t4\":24.0,\"t1\":21.0}', '2018-07-02 23:24:42');
INSERT INTO `tb_data` VALUES ('77', '20018061400001', null, '{\"h8\":48.0,\"t3\":23.0,\"h1\":41.0,\"h5\":45.0,\"t6\":26.0,\"h10\":50.0,\"h0\":40.0,\"t8\":28.0,\"t9\":29.0,\"t10\":30.0,\"t5\":25.0,\"h2\":42.0,\"t7\":27.0,\"t0\":10.0,\"h3\":43.0,\"h6\":46.0,\"h9\":49.0,\"h7\":47.0,\"t2\":22.0,\"h4\":44.0,\"t4\":24.0,\"t1\":21.0}', '2018-07-02 23:24:42');
INSERT INTO `tb_data` VALUES ('78', '20018061400001', null, '{\"h8\":48.0,\"t3\":23.0,\"h1\":41.0,\"h5\":45.0,\"t6\":26.0,\"h10\":50.0,\"h0\":40.0,\"t8\":28.0,\"t9\":29.0,\"t10\":30.0,\"t5\":25.0,\"h2\":42.0,\"t7\":27.0,\"t0\":10.0,\"h3\":43.0,\"h6\":46.0,\"h9\":49.0,\"h7\":47.0,\"t2\":22.0,\"h4\":44.0,\"t4\":24.0,\"t1\":21.0}', '2018-07-02 23:24:43');
INSERT INTO `tb_data` VALUES ('79', '20018061400001', null, '{\"h8\":48.0,\"t3\":23.0,\"h1\":41.0,\"h5\":45.0,\"t6\":26.0,\"h10\":50.0,\"h0\":40.0,\"t8\":28.0,\"t9\":29.0,\"t10\":30.0,\"t5\":25.0,\"h2\":42.0,\"t7\":27.0,\"t0\":10.0,\"h3\":43.0,\"h6\":46.0,\"h9\":49.0,\"h7\":47.0,\"t2\":22.0,\"h4\":44.0,\"t4\":24.0,\"t1\":21.0}', '2018-07-02 23:24:43');
INSERT INTO `tb_data` VALUES ('80', '20018061400001', null, '{\"h8\":48.0,\"t3\":23.0,\"h1\":41.0,\"h5\":45.0,\"t6\":26.0,\"h10\":50.0,\"h0\":40.0,\"t8\":28.0,\"t9\":29.0,\"t10\":30.0,\"t5\":25.0,\"h2\":42.0,\"t7\":27.0,\"t0\":10.0,\"h3\":43.0,\"h6\":46.0,\"h9\":49.0,\"h7\":47.0,\"t2\":22.0,\"h4\":44.0,\"t4\":24.0,\"t1\":21.0}', '2018-07-02 23:24:43');
INSERT INTO `tb_data` VALUES ('81', '20018061400001', null, '{\"h8\":48.0,\"t3\":23.0,\"h1\":41.0,\"h5\":45.0,\"t6\":26.0,\"h10\":50.0,\"h0\":40.0,\"t8\":28.0,\"t9\":29.0,\"t10\":30.0,\"t5\":25.0,\"h2\":42.0,\"t7\":27.0,\"t0\":10.0,\"h3\":43.0,\"h6\":46.0,\"h9\":49.0,\"h7\":47.0,\"t2\":22.0,\"h4\":44.0,\"t4\":24.0,\"t1\":21.0}', '2018-07-02 23:24:43');
INSERT INTO `tb_data` VALUES ('82', '20018061400001', null, '{\"h8\":48.0,\"t3\":23.0,\"h1\":41.0,\"h5\":45.0,\"t6\":26.0,\"h10\":50.0,\"h0\":40.0,\"t8\":28.0,\"t9\":29.0,\"t10\":30.0,\"t5\":25.0,\"h2\":42.0,\"t7\":27.0,\"t0\":10.0,\"h3\":43.0,\"h6\":46.0,\"h9\":49.0,\"h7\":47.0,\"t2\":22.0,\"h4\":44.0,\"t4\":24.0,\"t1\":21.0}', '2018-07-02 23:24:44');
INSERT INTO `tb_data` VALUES ('83', '20018061400001', null, '{\"h8\":48.0,\"t3\":23.0,\"h1\":41.0,\"h5\":45.0,\"t6\":26.0,\"h10\":50.0,\"h0\":40.0,\"t8\":28.0,\"t9\":29.0,\"t10\":30.0,\"t5\":25.0,\"h2\":42.0,\"t7\":27.0,\"t0\":10.0,\"h3\":43.0,\"h6\":46.0,\"h9\":49.0,\"h7\":47.0,\"t2\":22.0,\"h4\":44.0,\"t4\":24.0,\"t1\":21.0}', '2018-07-02 23:24:44');
INSERT INTO `tb_data` VALUES ('84', '20018061400001', null, '{\"h8\":48.0,\"t3\":23.0,\"h1\":41.0,\"h5\":45.0,\"t6\":26.0,\"h10\":50.0,\"h0\":40.0,\"t8\":28.0,\"t9\":29.0,\"t10\":30.0,\"t5\":25.0,\"h2\":42.0,\"t7\":27.0,\"t0\":10.0,\"h3\":43.0,\"h6\":46.0,\"h9\":49.0,\"h7\":47.0,\"t2\":22.0,\"h4\":44.0,\"t4\":24.0,\"t1\":21.0}', '2018-07-02 23:24:44');
INSERT INTO `tb_data` VALUES ('85', '20018061400001', null, '{\"h8\":48.0,\"t3\":23.0,\"h1\":41.0,\"h5\":45.0,\"t6\":26.0,\"h10\":50.0,\"h0\":40.0,\"t8\":28.0,\"t9\":29.0,\"t10\":30.0,\"t5\":25.0,\"h2\":42.0,\"t7\":27.0,\"t0\":10.0,\"h3\":43.0,\"h6\":46.0,\"h9\":49.0,\"h7\":47.0,\"t2\":22.0,\"h4\":44.0,\"t4\":24.0,\"t1\":21.0}', '2018-07-02 23:24:47');
INSERT INTO `tb_data` VALUES ('86', '20018061400001', null, '{\"h8\":48.0,\"t3\":23.0,\"h1\":41.0,\"h5\":45.0,\"t6\":26.0,\"h10\":50.0,\"h0\":40.0,\"t8\":28.0,\"t9\":29.0,\"t10\":30.0,\"t5\":25.0,\"h2\":42.0,\"t7\":27.0,\"t0\":10.0,\"h3\":43.0,\"h6\":46.0,\"h9\":49.0,\"h7\":47.0,\"t2\":22.0,\"h4\":44.0,\"t4\":24.0,\"t1\":21.0}', '2018-07-02 23:24:47');
INSERT INTO `tb_data` VALUES ('87', '20018061400001', null, '{\"h8\":48.0,\"t3\":23.0,\"h1\":41.0,\"h5\":45.0,\"t6\":26.0,\"h10\":50.0,\"h0\":40.0,\"t8\":28.0,\"t9\":29.0,\"t10\":30.0,\"t5\":25.0,\"h2\":42.0,\"t7\":27.0,\"t0\":10.0,\"h3\":43.0,\"h6\":46.0,\"h9\":49.0,\"h7\":47.0,\"t2\":22.0,\"h4\":44.0,\"t4\":24.0,\"t1\":21.0}', '2018-07-02 23:24:48');
INSERT INTO `tb_data` VALUES ('88', '20018061400001', null, '{\"h8\":48.0,\"t3\":23.0,\"h1\":41.0,\"h5\":45.0,\"t6\":26.0,\"h10\":50.0,\"h0\":40.0,\"t8\":28.0,\"t9\":29.0,\"t10\":30.0,\"t5\":25.0,\"h2\":42.0,\"t7\":27.0,\"t0\":10.0,\"h3\":43.0,\"h6\":46.0,\"h9\":49.0,\"h7\":47.0,\"t2\":22.0,\"h4\":44.0,\"t4\":24.0,\"t1\":21.0}', '2018-07-02 23:24:48');
INSERT INTO `tb_data` VALUES ('89', '20018061400001', null, '{\"h8\":48.0,\"t3\":23.0,\"h1\":41.0,\"h5\":45.0,\"t6\":26.0,\"h10\":50.0,\"h0\":40.0,\"t8\":28.0,\"t9\":29.0,\"t10\":30.0,\"t5\":25.0,\"h2\":42.0,\"t7\":27.0,\"t0\":10.0,\"h3\":43.0,\"h6\":46.0,\"h9\":49.0,\"h7\":47.0,\"t2\":22.0,\"h4\":44.0,\"t4\":24.0,\"t1\":21.0}', '2018-07-02 23:24:48');
INSERT INTO `tb_data` VALUES ('90', '20018061400001', null, '{\"h8\":48.0,\"t3\":23.0,\"h1\":41.0,\"h5\":45.0,\"t6\":26.0,\"h10\":50.0,\"h0\":40.0,\"t8\":28.0,\"t9\":29.0,\"t10\":30.0,\"t5\":25.0,\"h2\":42.0,\"t7\":27.0,\"t0\":10.0,\"h3\":43.0,\"h6\":46.0,\"h9\":49.0,\"h7\":47.0,\"t2\":22.0,\"h4\":44.0,\"t4\":24.0,\"t1\":21.0}', '2018-07-02 23:24:48');
INSERT INTO `tb_data` VALUES ('91', '20018061400001', null, '{\"h8\":48.0,\"t3\":23.0,\"h1\":41.0,\"h5\":45.0,\"t6\":26.0,\"h10\":50.0,\"h0\":40.0,\"t8\":28.0,\"t9\":29.0,\"t10\":30.0,\"t5\":25.0,\"h2\":42.0,\"t7\":27.0,\"t0\":10.0,\"h3\":43.0,\"h6\":46.0,\"h9\":49.0,\"h7\":47.0,\"t2\":22.0,\"h4\":44.0,\"t4\":24.0,\"t1\":21.0}', '2018-07-02 23:24:49');
INSERT INTO `tb_data` VALUES ('92', '20018061400001', null, '{\"h8\":48.0,\"t3\":23.0,\"h1\":41.0,\"h5\":45.0,\"t6\":26.0,\"h10\":50.0,\"h0\":40.0,\"t8\":28.0,\"t9\":29.0,\"t10\":30.0,\"t5\":25.0,\"h2\":42.0,\"t7\":27.0,\"t0\":10.0,\"h3\":43.0,\"h6\":46.0,\"h9\":49.0,\"h7\":47.0,\"t2\":22.0,\"h4\":44.0,\"t4\":24.0,\"t1\":21.0}', '2018-07-02 23:24:49');
INSERT INTO `tb_data` VALUES ('93', '20018061400001', null, '{\"h8\":48.0,\"t3\":23.0,\"h1\":41.0,\"h5\":45.0,\"t6\":26.0,\"h10\":50.0,\"h0\":40.0,\"t8\":28.0,\"t9\":29.0,\"t10\":30.0,\"t5\":25.0,\"h2\":42.0,\"t7\":27.0,\"t0\":10.0,\"h3\":43.0,\"h6\":46.0,\"h9\":49.0,\"h7\":47.0,\"t2\":22.0,\"h4\":44.0,\"t4\":24.0,\"t1\":21.0}', '2018-07-02 23:24:50');
INSERT INTO `tb_data` VALUES ('94', '20018061400001', null, '{\"h8\":48.0,\"t3\":23.0,\"h1\":41.0,\"h5\":45.0,\"t6\":26.0,\"h10\":50.0,\"h0\":40.0,\"t8\":28.0,\"t9\":29.0,\"t10\":30.0,\"t5\":25.0,\"h2\":42.0,\"t7\":27.0,\"t0\":10.0,\"h3\":43.0,\"h6\":46.0,\"h9\":49.0,\"h7\":47.0,\"t2\":22.0,\"h4\":44.0,\"t4\":24.0,\"t1\":21.0}', '2018-07-02 23:24:49');
INSERT INTO `tb_data` VALUES ('95', '20018061400001', null, '{\"t2\":22.0,\"t4\":24.0,\"t0\":-1.0,\"t3\":23.0,\"t1\":21.0,\"t5\":25.0,\"t8\":28.0,\"t9\":29.0,\"t6\":26.0,\"t7\":27.0,\"h5\":45.0,\"h4\":44.0,\"h2\":42.0,\"h7\":47.0,\"h3\":43.0,\"t10\":30.0,\"h1\":41.0,\"h8\":48.0,\"h10\":50.0,\"h0\":40.0,\"h9\":49.0,\"h6\":46.0}', '2018-07-02 23:57:25');
INSERT INTO `tb_data` VALUES ('96', '20018061400001', null, '{\"t2\":22.0,\"t4\":24.0,\"t0\":-1.0,\"t3\":23.0,\"t1\":21.0,\"t5\":25.0,\"t8\":28.0,\"t9\":29.0,\"t6\":26.0,\"t7\":27.0,\"h5\":45.0,\"h4\":44.0,\"h2\":42.0,\"h7\":47.0,\"h3\":43.0,\"t10\":30.0,\"h1\":41.0,\"h8\":48.0,\"h10\":50.0,\"h0\":40.0,\"h9\":49.0,\"h6\":46.0}', '2018-07-02 23:57:25');
INSERT INTO `tb_data` VALUES ('97', '20018061400001', null, '{\"t2\":22.0,\"t4\":24.0,\"t0\":-2.0,\"t3\":23.0,\"t1\":21.0,\"t5\":25.0,\"t8\":28.0,\"t9\":29.0,\"t6\":26.0,\"t7\":27.0,\"h5\":45.0,\"h4\":44.0,\"h2\":42.0,\"h7\":47.0,\"h3\":43.0,\"t10\":30.0,\"h1\":41.0,\"h8\":48.0,\"h10\":50.0,\"h0\":40.0,\"h9\":49.0,\"h6\":46.0}', '2018-07-02 23:58:30');
INSERT INTO `tb_data` VALUES ('98', '20018061400001', null, '{\"t2\":22.0,\"t4\":24.0,\"t0\":-3.0,\"t3\":23.0,\"t1\":21.0,\"t5\":25.0,\"t8\":28.0,\"t9\":29.0,\"t6\":26.0,\"t7\":27.0,\"h5\":45.0,\"h4\":44.0,\"h2\":42.0,\"h7\":47.0,\"h3\":43.0,\"t10\":30.0,\"h1\":41.0,\"h8\":48.0,\"h10\":50.0,\"h0\":40.0,\"h9\":49.0,\"h6\":46.0}', '2018-07-02 23:58:32');
INSERT INTO `tb_data` VALUES ('99', '20018061400001', null, '{\"t2\":22.0,\"t4\":24.0,\"t0\":-4.0,\"t3\":23.0,\"t1\":21.0,\"t5\":25.0,\"t8\":28.0,\"t9\":29.0,\"t6\":26.0,\"t7\":27.0,\"h5\":45.0,\"h4\":44.0,\"h2\":42.0,\"h7\":47.0,\"h3\":43.0,\"t10\":30.0,\"h1\":41.0,\"h8\":48.0,\"h10\":50.0,\"h0\":40.0,\"h9\":49.0,\"h6\":46.0}', '2018-07-02 23:58:34');
INSERT INTO `tb_data` VALUES ('100', '20018061400001', null, '{\"t2\":22.0,\"t4\":24.0,\"t0\":-5.0,\"t3\":23.0,\"t1\":21.0,\"t5\":25.0,\"t8\":28.0,\"t9\":29.0,\"t6\":26.0,\"t7\":27.0,\"h5\":45.0,\"h4\":44.0,\"h2\":42.0,\"h7\":47.0,\"h3\":43.0,\"t10\":30.0,\"h1\":41.0,\"h8\":48.0,\"h10\":50.0,\"h0\":40.0,\"h9\":49.0,\"h6\":46.0}', '2018-07-02 23:58:36');
INSERT INTO `tb_data` VALUES ('101', '20018061400001', null, '{\"t2\":22.0,\"t4\":24.0,\"t0\":-6.0,\"t3\":23.0,\"t1\":21.0,\"t5\":25.0,\"t8\":28.0,\"t9\":29.0,\"t6\":26.0,\"t7\":27.0,\"h5\":45.0,\"h4\":44.0,\"h2\":42.0,\"h7\":47.0,\"h3\":43.0,\"t10\":30.0,\"h1\":41.0,\"h8\":48.0,\"h10\":50.0,\"h0\":40.0,\"h9\":49.0,\"h6\":46.0}', '2018-07-02 23:58:38');
INSERT INTO `tb_data` VALUES ('102', '20018061400001', null, '{\"t2\":22.0,\"t4\":24.0,\"t0\":-7.0,\"t3\":23.0,\"t1\":21.0,\"t5\":25.0,\"t8\":28.0,\"t9\":29.0,\"t6\":26.0,\"t7\":27.0,\"h5\":45.0,\"h4\":44.0,\"h2\":42.0,\"h7\":47.0,\"h3\":43.0,\"t10\":30.0,\"h1\":41.0,\"h8\":48.0,\"h10\":50.0,\"h0\":40.0,\"h9\":49.0,\"h6\":46.0}', '2018-07-02 23:58:40');
INSERT INTO `tb_data` VALUES ('103', '20018061400001', null, '{\"t2\":22.0,\"t4\":24.0,\"t0\":-8.0,\"t3\":23.0,\"t1\":21.0,\"t5\":25.0,\"t8\":28.0,\"t9\":29.0,\"t6\":26.0,\"t7\":27.0,\"h5\":45.0,\"h4\":44.0,\"h2\":42.0,\"h7\":47.0,\"h3\":43.0,\"t10\":30.0,\"h1\":41.0,\"h8\":48.0,\"h10\":50.0,\"h0\":40.0,\"h9\":49.0,\"h6\":46.0}', '2018-07-02 23:58:42');
INSERT INTO `tb_data` VALUES ('104', '20018061400001', null, '{\"t2\":22.0,\"t4\":24.0,\"t0\":-9.0,\"t3\":23.0,\"t1\":21.0,\"t5\":25.0,\"t8\":28.0,\"t9\":29.0,\"t6\":26.0,\"t7\":27.0,\"h5\":45.0,\"h4\":44.0,\"h2\":42.0,\"h7\":47.0,\"h3\":43.0,\"t10\":30.0,\"h1\":41.0,\"h8\":48.0,\"h10\":50.0,\"h0\":40.0,\"h9\":49.0,\"h6\":46.0}', '2018-07-02 23:58:44');
INSERT INTO `tb_data` VALUES ('105', '20018061400001', null, '{\"t2\":22.0,\"t4\":24.0,\"t0\":-10.0,\"t3\":23.0,\"t1\":21.0,\"t5\":25.0,\"t8\":28.0,\"t9\":29.0,\"t6\":26.0,\"t7\":27.0,\"h5\":45.0,\"h4\":44.0,\"h2\":42.0,\"h7\":47.0,\"h3\":43.0,\"t10\":30.0,\"h1\":41.0,\"h8\":48.0,\"h10\":50.0,\"h0\":40.0,\"h9\":49.0,\"h6\":46.0}', '2018-07-02 23:58:47');
INSERT INTO `tb_data` VALUES ('106', '20018061400001', null, '{\"t2\":22.0,\"t4\":24.0,\"t0\":-11.0,\"t3\":23.0,\"t1\":21.0,\"t5\":25.0,\"t8\":28.0,\"t9\":29.0,\"t6\":26.0,\"t7\":27.0,\"h5\":45.0,\"h4\":44.0,\"h2\":42.0,\"h7\":47.0,\"h3\":43.0,\"t10\":30.0,\"h1\":41.0,\"h8\":48.0,\"h10\":50.0,\"h0\":40.0,\"h9\":49.0,\"h6\":46.0}', '2018-07-02 23:58:49');
INSERT INTO `tb_data` VALUES ('107', '20018061400001', null, '{\"t2\":22.0,\"t4\":24.0,\"t0\":-12.0,\"t3\":23.0,\"t1\":21.0,\"t5\":25.0,\"t8\":28.0,\"t9\":29.0,\"t6\":26.0,\"t7\":27.0,\"h5\":45.0,\"h4\":44.0,\"h2\":42.0,\"h7\":47.0,\"h3\":43.0,\"t10\":30.0,\"h1\":41.0,\"h8\":48.0,\"h10\":50.0,\"h0\":40.0,\"h9\":49.0,\"h6\":46.0}', '2018-07-02 23:58:51');
INSERT INTO `tb_data` VALUES ('108', '20018061400001', null, '{\"t2\":22.0,\"t4\":24.0,\"t0\":-13.0,\"t3\":23.0,\"t1\":21.0,\"t5\":25.0,\"t8\":28.0,\"t9\":29.0,\"t6\":26.0,\"t7\":27.0,\"h5\":45.0,\"h4\":44.0,\"h2\":42.0,\"h7\":47.0,\"h3\":43.0,\"t10\":30.0,\"h1\":41.0,\"h8\":48.0,\"h10\":50.0,\"h0\":40.0,\"h9\":49.0,\"h6\":46.0}', '2018-07-02 23:58:52');
INSERT INTO `tb_data` VALUES ('109', '20018061400001', null, '{\"t2\":22.0,\"t4\":24.0,\"t0\":-14.0,\"t3\":23.0,\"t1\":21.0,\"t5\":25.0,\"t8\":28.0,\"t9\":29.0,\"t6\":26.0,\"t7\":27.0,\"h5\":45.0,\"h4\":44.0,\"h2\":42.0,\"h7\":47.0,\"h3\":43.0,\"t10\":30.0,\"h1\":41.0,\"h8\":48.0,\"h10\":50.0,\"h0\":40.0,\"h9\":49.0,\"h6\":46.0}', '2018-07-02 23:58:54');
INSERT INTO `tb_data` VALUES ('110', '20018061400001', null, '{\"t2\":22.0,\"t4\":24.0,\"t0\":-15.0,\"t3\":23.0,\"t1\":21.0,\"t5\":25.0,\"t8\":28.0,\"t9\":29.0,\"t6\":26.0,\"t7\":27.0,\"h5\":45.0,\"h4\":44.0,\"h2\":42.0,\"h7\":47.0,\"h3\":43.0,\"t10\":30.0,\"h1\":41.0,\"h8\":48.0,\"h10\":50.0,\"h0\":40.0,\"h9\":49.0,\"h6\":46.0}', '2018-07-02 23:58:57');
INSERT INTO `tb_data` VALUES ('111', '20018061400001', null, '{\"t2\":22.0,\"t4\":24.0,\"t0\":-16.0,\"t3\":23.0,\"t1\":21.0,\"t5\":25.0,\"t8\":28.0,\"t9\":29.0,\"t6\":26.0,\"t7\":27.0,\"h5\":45.0,\"h4\":44.0,\"h2\":42.0,\"h7\":47.0,\"h3\":43.0,\"t10\":30.0,\"h1\":41.0,\"h8\":48.0,\"h10\":50.0,\"h0\":40.0,\"h9\":49.0,\"h6\":46.0}', '2018-07-02 23:58:58');
INSERT INTO `tb_data` VALUES ('112', '20018061400001', null, '{\"t2\":22.0,\"t4\":24.0,\"t0\":-17.0,\"t3\":23.0,\"t1\":21.0,\"t5\":25.0,\"t8\":28.0,\"t9\":29.0,\"t6\":26.0,\"t7\":27.0,\"h5\":45.0,\"h4\":44.0,\"h2\":42.0,\"h7\":47.0,\"h3\":43.0,\"t10\":30.0,\"h1\":41.0,\"h8\":48.0,\"h10\":50.0,\"h0\":40.0,\"h9\":49.0,\"h6\":46.0}', '2018-07-02 23:59:00');
INSERT INTO `tb_data` VALUES ('113', '20018061400001', null, '{\"t2\":22.0,\"t4\":24.0,\"t0\":-18.0,\"t3\":23.0,\"t1\":21.0,\"t5\":25.0,\"t8\":28.0,\"t9\":29.0,\"t6\":26.0,\"t7\":27.0,\"h5\":45.0,\"h4\":44.0,\"h2\":42.0,\"h7\":47.0,\"h3\":43.0,\"t10\":30.0,\"h1\":41.0,\"h8\":48.0,\"h10\":50.0,\"h0\":40.0,\"h9\":49.0,\"h6\":46.0}', '2018-07-02 23:59:02');
INSERT INTO `tb_data` VALUES ('114', '20018061400001', null, '{\"t2\":22.0,\"t4\":24.0,\"t0\":-19.0,\"t3\":23.0,\"t1\":21.0,\"t5\":25.0,\"t8\":28.0,\"t9\":29.0,\"t6\":26.0,\"t7\":27.0,\"h5\":45.0,\"h4\":44.0,\"h2\":42.0,\"h7\":47.0,\"h3\":43.0,\"t10\":30.0,\"h1\":41.0,\"h8\":48.0,\"h10\":50.0,\"h0\":40.0,\"h9\":49.0,\"h6\":46.0}', '2018-07-02 23:59:04');
INSERT INTO `tb_data` VALUES ('115', '20018061400001', null, '{\"t2\":22.0,\"t4\":24.0,\"t0\":-20.0,\"t3\":23.0,\"t1\":21.0,\"t5\":25.0,\"t8\":28.0,\"t9\":29.0,\"t6\":26.0,\"t7\":27.0,\"h5\":45.0,\"h4\":44.0,\"h2\":42.0,\"h7\":47.0,\"h3\":43.0,\"t10\":30.0,\"h1\":41.0,\"h8\":48.0,\"h10\":50.0,\"h0\":40.0,\"h9\":49.0,\"h6\":46.0}', '2018-07-02 23:59:23');
INSERT INTO `tb_data` VALUES ('116', '20018061400001', null, '{\"t7\":27.0,\"t9\":29.0,\"t4\":24.0,\"t3\":23.0,\"t10\":30.0,\"t1\":21.0,\"t5\":25.0,\"t6\":26.0,\"t8\":28.0,\"t0\":null,\"t2\":22.0,\"h1\":41.0,\"h5\":45.0,\"h6\":46.0,\"h8\":48.0,\"h0\":40.0,\"h9\":49.0,\"h4\":44.0,\"h10\":50.0,\"h2\":42.0,\"h3\":43.0,\"h7\":47.0}', '2018-07-03 15:38:41');
INSERT INTO `tb_data` VALUES ('117', '20018061400001', null, '{\"h9\":49.0,\"t0\":null,\"t5\":25.0,\"t8\":28.0,\"t6\":26.0,\"t3\":23.0,\"h2\":42.0,\"h6\":46.0,\"t1\":21.0,\"t10\":30.0,\"h0\":null,\"h7\":47.0,\"h8\":48.0,\"h10\":50.0,\"t7\":27.0,\"t4\":24.0,\"h5\":45.0,\"h1\":41.0,\"t2\":22.0,\"t9\":29.0,\"h3\":43.0,\"h4\":44.0}', '2018-07-03 15:50:30');
INSERT INTO `tb_data` VALUES ('118', '10618121000001', null, '{\"t7\":8.0,\"t10\":11.0,\"t14\":15.0,\"t18\":19.0,\"t11\":12.0,\"t19\":20.0,\"t4\":5.0,\"h1\":2.0,\"h3\":4.0,\"h4\":5.0,\"t3\":4.0,\"t15\":16.0,\"t6\":7.0,\"t9\":10.0,\"t17\":18.0,\"h2\":3.0,\"h5\":6.0,\"h6\":7.0,\"h7\":8.0,\"h8\":9.0,\"h9\":10.0,\"t8\":9.0,\"h0\":1.0,\"t16\":17.0,\"h10\":11.0,\"h11\":12.0,\"t13\":14.0,\"h12\":13.0,\"h13\":14.0,\"h14\":15.0,\"t5\":6.0,\"t12\":13.0,\"t0\":1.0,\"t1\":2.0,\"t2\":3.0,\"h16\":17.0,\"h18\":19.0,\"h17\":18.0,\"h19\":20.0,\"h15\":16.0}', '2018-12-10 00:23:58');
INSERT INTO `tb_data` VALUES ('119', '10618121000001', null, '{\"t7\":8.0,\"t10\":11.0,\"t14\":15.0,\"t18\":19.0,\"t11\":12.0,\"t19\":20.0,\"t4\":5.0,\"h1\":2.0,\"h3\":4.0,\"h4\":5.0,\"t3\":4.0,\"t15\":16.0,\"t6\":7.0,\"t9\":10.0,\"t17\":18.0,\"h2\":3.0,\"h5\":6.0,\"h6\":7.0,\"h7\":8.0,\"h8\":9.0,\"h9\":10.0,\"t8\":9.0,\"h0\":1.0,\"t16\":17.0,\"h10\":11.0,\"h11\":12.0,\"t13\":14.0,\"h12\":13.0,\"h13\":14.0,\"h14\":15.0,\"t5\":6.0,\"t12\":13.0,\"t0\":1.0,\"t1\":2.0,\"t2\":3.0,\"h16\":17.0,\"h18\":19.0,\"h17\":18.0,\"h19\":20.0,\"h15\":16.0}', '2018-12-10 00:23:59');
INSERT INTO `tb_data` VALUES ('120', '10618121000001', null, '{\"t7\":8.0,\"t10\":11.0,\"t14\":15.0,\"t18\":19.0,\"t11\":12.0,\"t19\":20.0,\"t4\":5.0,\"h1\":2.0,\"h3\":4.0,\"h4\":5.0,\"t3\":4.0,\"t15\":16.0,\"t6\":7.0,\"t9\":10.0,\"t17\":18.0,\"h2\":3.0,\"h5\":6.0,\"h6\":7.0,\"h7\":8.0,\"h8\":9.0,\"h9\":10.0,\"t8\":9.0,\"h0\":1.0,\"t16\":17.0,\"h10\":11.0,\"h11\":12.0,\"t13\":14.0,\"h12\":13.0,\"h13\":14.0,\"h14\":15.0,\"t5\":6.0,\"t12\":13.0,\"t0\":1.0,\"t1\":2.0,\"t2\":3.0,\"h16\":17.0,\"h18\":19.0,\"h17\":18.0,\"h19\":20.0,\"h15\":16.0}', '2018-12-10 00:23:59');
INSERT INTO `tb_data` VALUES ('121', '10618121000001', null, '{\"t7\":8.0,\"t10\":11.0,\"t14\":15.0,\"t18\":19.0,\"t11\":12.0,\"t19\":20.0,\"t4\":5.0,\"h1\":2.0,\"h3\":4.0,\"h4\":5.0,\"t3\":4.0,\"t15\":16.0,\"t6\":7.0,\"t9\":10.0,\"t17\":18.0,\"h2\":3.0,\"h5\":6.0,\"h6\":7.0,\"h7\":8.0,\"h8\":9.0,\"h9\":10.0,\"t8\":9.0,\"h0\":1.0,\"t16\":17.0,\"h10\":11.0,\"h11\":12.0,\"t13\":14.0,\"h12\":13.0,\"h13\":14.0,\"h14\":15.0,\"t5\":6.0,\"t12\":13.0,\"t0\":1.0,\"t1\":2.0,\"t2\":3.0,\"h16\":17.0,\"h18\":19.0,\"h17\":18.0,\"h19\":20.0,\"h15\":16.0}', '2018-12-10 00:24:00');
INSERT INTO `tb_data` VALUES ('122', '10618121000001', null, '{\"t7\":8.0,\"t10\":11.0,\"t14\":15.0,\"t18\":19.0,\"t11\":12.0,\"t19\":20.0,\"t4\":5.0,\"h1\":2.0,\"h3\":4.0,\"h4\":5.0,\"t3\":4.0,\"t15\":16.0,\"t6\":7.0,\"t9\":10.0,\"t17\":18.0,\"h2\":3.0,\"h5\":6.0,\"h6\":7.0,\"h7\":8.0,\"h8\":9.0,\"h9\":10.0,\"t8\":9.0,\"h0\":1.0,\"t16\":17.0,\"h10\":11.0,\"h11\":12.0,\"t13\":14.0,\"h12\":13.0,\"h13\":14.0,\"h14\":15.0,\"t5\":6.0,\"t12\":13.0,\"t0\":1.0,\"t1\":2.0,\"t2\":3.0,\"h16\":17.0,\"h18\":19.0,\"h17\":18.0,\"h19\":20.0,\"h15\":16.0}', '2018-12-10 00:24:52');
INSERT INTO `tb_data` VALUES ('123', '10618121000001', null, '{\"t7\":8.0,\"t10\":11.0,\"t14\":15.0,\"t18\":19.0,\"t11\":12.0,\"t19\":20.0,\"t4\":5.0,\"h1\":2.0,\"h3\":4.0,\"h4\":5.0,\"t3\":4.0,\"t15\":16.0,\"t6\":7.0,\"t9\":10.0,\"t17\":18.0,\"h2\":3.0,\"h5\":6.0,\"h6\":7.0,\"h7\":8.0,\"h8\":9.0,\"h9\":10.0,\"t8\":9.0,\"h0\":1.0,\"t16\":17.0,\"h10\":11.0,\"h11\":12.0,\"t13\":14.0,\"h12\":13.0,\"h13\":14.0,\"h14\":15.0,\"t5\":6.0,\"t12\":13.0,\"t0\":1.0,\"t1\":2.0,\"t2\":3.0,\"h16\":17.0,\"h18\":19.0,\"h17\":18.0,\"h19\":20.0,\"h15\":16.0}', '2018-12-10 00:25:13');
INSERT INTO `tb_data` VALUES ('124', '10618121000001', null, '{\"t7\":8.0,\"t10\":11.0,\"t14\":15.0,\"t18\":19.0,\"t11\":12.0,\"t19\":20.0,\"t4\":5.0,\"h1\":2.0,\"h3\":4.0,\"h4\":5.0,\"t3\":4.0,\"t15\":16.0,\"t6\":7.7,\"t9\":10.0,\"t17\":18.0,\"h2\":3.0,\"h5\":6.0,\"h6\":7.0,\"h7\":8.0,\"h8\":9.0,\"h9\":10.0,\"t8\":9.0,\"h0\":1.0,\"t16\":17.0,\"h10\":11.0,\"h11\":12.0,\"t13\":14.0,\"h12\":13.0,\"h13\":14.0,\"h14\":15.0,\"t5\":6.0,\"t12\":13.0,\"t0\":1.0,\"t1\":2.0,\"t2\":3.0,\"h16\":17.0,\"h18\":19.0,\"h17\":18.0,\"h19\":20.0,\"h15\":16.0}', '2018-12-10 00:44:13');
INSERT INTO `tb_data` VALUES ('125', '10618121000001', null, '{\"t0\":1.0,\"t15\":16.0,\"t14\":15.0,\"t18\":19.0,\"t17\":18.0,\"t16\":17.0,\"t3\":4.0,\"t19\":20.0,\"t5\":6.0,\"t13\":14.0,\"t7\":8.0,\"t10\":11.0,\"t1\":2.0,\"t4\":5.0,\"t9\":10.0,\"t12\":13.0,\"t8\":9.0,\"t6\":7.7,\"t11\":12.0,\"t2\":3.0,\"h15\":16.0,\"h16\":17.0,\"h13\":14.0,\"h5\":6.0,\"h9\":10.0,\"h3\":4.0,\"h11\":12.0,\"h0\":1.0,\"h12\":13.0,\"h14\":15.0,\"h4\":5.0,\"h19\":20.0,\"h8\":9.0,\"h17\":18.0,\"h18\":19.0,\"h2\":3.0,\"h1\":2.0,\"h6\":7.0,\"h7\":8.0,\"h10\":11.0}', '2018-12-10 01:15:22');
INSERT INTO `tb_data` VALUES ('126', '10618121000001', null, '{\"t0\":1.0,\"t15\":16.0,\"t14\":15.0,\"t18\":19.0,\"t17\":18.0,\"t16\":17.0,\"t3\":4.0,\"t19\":20.0,\"t5\":6.0,\"t13\":14.0,\"t7\":8.0,\"t10\":11.0,\"t1\":2.0,\"t4\":5.0,\"t9\":10.0,\"t12\":13.0,\"t8\":9.0,\"t6\":7.7,\"t11\":12.0,\"t2\":3.0,\"h15\":16.0,\"h16\":17.0,\"h13\":14.0,\"h5\":6.0,\"h9\":10.0,\"h3\":4.0,\"h11\":12.0,\"h0\":1.0,\"h12\":13.0,\"h14\":15.0,\"h4\":5.0,\"h19\":20.0,\"h8\":9.0,\"h17\":18.0,\"h18\":19.0,\"h2\":3.0,\"h1\":2.0,\"h6\":7.0,\"h7\":8.0,\"h10\":11.0}', '2018-12-10 01:15:24');
INSERT INTO `tb_data` VALUES ('127', '10018121000001', '1', '{\"temp1\":11.0,\"temp2\":22.0,\"temp3\":33.0,\"temp4\":34.0,\"temp5\":35.0}', '2018-12-10 01:21:04');
INSERT INTO `tb_data` VALUES ('128', '10018121000001', '1', '{\"temp1\":11.0,\"temp2\":22.0,\"temp3\":33.0,\"temp4\":34.0,\"temp5\":35.0}', '2018-12-10 01:21:07');
INSERT INTO `tb_data` VALUES ('129', '10018121000001', '1', '{\"temp1\":11.0,\"temp2\":22.0,\"temp3\":33.0,\"temp4\":34.0,\"temp5\":35.0}', '2018-12-10 01:21:07');
INSERT INTO `tb_data` VALUES ('130', '10018121000001', '1', '{\"temp1\":11.0,\"temp2\":22.0,\"temp3\":33.0,\"temp4\":34.0,\"temp5\":35.0}', '2018-12-10 01:21:07');
INSERT INTO `tb_data` VALUES ('131', '10018121000001', '1', '{\"temp1\":11.0,\"temp2\":22.0,\"temp3\":33.0,\"temp4\":34.0,\"temp5\":35.0}', '2018-12-10 01:21:08');
INSERT INTO `tb_data` VALUES ('132', '10018121000001', '1', '{\"temp1\":11.0,\"temp2\":22.0,\"temp3\":33.0,\"temp4\":34.0,\"temp5\":35.0}', '2018-12-10 01:21:08');
INSERT INTO `tb_data` VALUES ('133', '10018121000001', '1', '{\"temp1\":11.0,\"temp2\":22.0,\"temp3\":33.0,\"temp4\":34.0,\"temp5\":35.0}', '2018-12-10 01:21:08');
INSERT INTO `tb_data` VALUES ('134', '10018121000001', '1', '{\"temp1\":11.0,\"temp2\":22.0,\"temp3\":33.0,\"temp4\":34.0,\"temp5\":35.0}', '2018-12-10 01:21:08');
INSERT INTO `tb_data` VALUES ('135', '10018121000001', '1', '{\"temp1\":11.0,\"temp2\":22.0,\"temp3\":33.0,\"temp4\":34.0,\"temp5\":35.0}', '2018-12-10 01:21:09');
INSERT INTO `tb_data` VALUES ('136', '10018121000001', '1', '{\"temp1\":11.0,\"temp2\":22.0,\"temp3\":33.0,\"temp4\":34.0,\"temp5\":35.0}', '2018-12-10 01:21:09');
INSERT INTO `tb_data` VALUES ('137', '10018121000001', '1', '{\"temp1\":11.0,\"temp2\":22.0,\"temp3\":33.0,\"temp4\":34.0,\"temp5\":35.0}', '2018-12-10 01:21:09');
INSERT INTO `tb_data` VALUES ('138', '10018121000001', '1', '{\"temp1\":11.0,\"temp2\":22.0,\"temp3\":33.0,\"temp4\":34.0,\"temp5\":35.0}', '2018-12-10 01:21:09');
INSERT INTO `tb_data` VALUES ('139', '10018121000001', '1', '{\"temp1\":11.0,\"temp2\":22.0,\"temp3\":33.0,\"temp4\":34.0,\"temp5\":35.0}', '2018-12-10 01:21:10');
INSERT INTO `tb_data` VALUES ('140', '10018121000001', '1', '{\"temp1\":11.0,\"temp2\":22.0,\"temp3\":33.0,\"temp4\":34.0,\"temp5\":35.0}', '2018-12-10 01:21:10');
INSERT INTO `tb_data` VALUES ('141', '10018121000001', '1', '{\"temp1\":11.0,\"temp2\":22.0,\"temp3\":33.0,\"temp4\":34.0,\"temp5\":35.0}', '2018-12-10 01:21:10');
INSERT INTO `tb_data` VALUES ('142', '10018121000001', '1', '{\"temp1\":11.0,\"temp2\":22.0,\"temp3\":33.0,\"temp4\":34.0,\"temp5\":35.0}', '2018-12-10 01:21:10');
INSERT INTO `tb_data` VALUES ('143', '10018121000001', '1', '{\"temp1\":11.0,\"temp2\":22.0,\"temp3\":33.0,\"temp4\":34.0,\"temp5\":35.0}', '2018-12-10 01:21:10');
INSERT INTO `tb_data` VALUES ('144', '10018121000001', '1', '{\"temp1\":11.0,\"temp2\":22.0,\"temp3\":33.0,\"temp4\":34.0,\"temp5\":35.0}', '2018-12-10 01:21:11');
INSERT INTO `tb_data` VALUES ('145', '10018121000001', '1', '{\"temp1\":11.0,\"temp2\":22.0,\"temp3\":33.0,\"temp4\":34.0,\"temp5\":35.0}', '2018-12-10 01:21:11');
INSERT INTO `tb_data` VALUES ('146', '10018121000001', '5', '{\"longitude\":126.71807466666665,\"latitude\":45.74874066666666}', '2018-12-10 01:24:22');
INSERT INTO `tb_data` VALUES ('147', '10018121000001', '5', '{\"longitude\":126.71807466666665,\"latitude\":45.74874066666666}', '2018-12-10 01:24:24');
INSERT INTO `tb_data` VALUES ('148', '10018121000001', '5', '{\"longitude\":126.71807466666665,\"latitude\":45.74874066666666}', '2018-12-10 01:24:24');
INSERT INTO `tb_data` VALUES ('149', '10018121000001', '5', '{\"longitude\":126.71807466666665,\"latitude\":45.74874066666666}', '2018-12-10 01:24:25');
INSERT INTO `tb_data` VALUES ('150', '10018121000001', '5', '{\"longitude\":126.71807466666665,\"latitude\":45.74874066666666}', '2018-12-10 01:24:25');
INSERT INTO `tb_data` VALUES ('151', '10018121000001', '5', '{\"longitude\":126.71807466666665,\"latitude\":45.74874066666666}', '2018-12-10 01:24:25');
INSERT INTO `tb_data` VALUES ('152', '10018121000001', '5', '{\"longitude\":126.71807466666665,\"latitude\":45.74874066666666}', '2018-12-10 01:24:25');
INSERT INTO `tb_data` VALUES ('153', '10018121000001', '5', '{\"longitude\":126.71807466666665,\"latitude\":45.74874066666666}', '2018-12-10 01:24:25');
INSERT INTO `tb_data` VALUES ('154', '10018121000001', '5', '{\"longitude\":126.71807466666665,\"latitude\":45.74874066666666}', '2018-12-10 01:24:26');

-- ----------------------------
-- Table structure for tb_host_product
-- ----------------------------
DROP TABLE IF EXISTS `tb_host_product`;
CREATE TABLE `tb_host_product` (
  `product_id` bigint(20) NOT NULL AUTO_INCREMENT COMMENT '产品id',
  `host_id` bigint(20) NOT NULL COMMENT '主机ID',
  `product_cat_id` int(20) DEFAULT NULL COMMENT '产品类别id',
  `status` tinyint(4) DEFAULT '1' COMMENT '状态 1正常运行0故障',
  `created` datetime DEFAULT NULL COMMENT '创建时间',
  `updated` datetime DEFAULT NULL COMMENT '更新时间',
  PRIMARY KEY (`product_id`),
  KEY `index_hostId_created` (`host_id`,`created`) USING BTREE COMMENT '组合索引，根据主机ID查询，根据时间排序'
) ENGINE=InnoDB AUTO_INCREMENT=10618121000002 DEFAULT CHARSET=utf8 COMMENT='主机_设备表，一个主机可以用多个传感器';

-- ----------------------------
-- Records of tb_host_product
-- ----------------------------
INSERT INTO `tb_host_product` VALUES ('10018012500001', '1', '1', '1', '2018-01-30 20:33:22', '2018-01-30 20:33:22');
INSERT INTO `tb_host_product` VALUES ('10018012500002', '1', '1', '1', '2018-01-31 10:28:32', '2018-01-31 10:28:32');
INSERT INTO `tb_host_product` VALUES ('10018012500003', '1', '1', '1', '2018-01-31 10:30:59', '2018-01-31 10:30:59');
INSERT INTO `tb_host_product` VALUES ('10018012500004', '1', '1', '1', '2018-01-31 14:23:19', '2018-01-31 14:23:19');
INSERT INTO `tb_host_product` VALUES ('10018012500005', '2', '1', '1', '2018-01-30 20:33:22', '2018-01-30 20:33:22');
INSERT INTO `tb_host_product` VALUES ('10018012500006', '2', '1', '1', '2018-01-31 10:28:32', '2018-01-31 10:28:32');
INSERT INTO `tb_host_product` VALUES ('10018012500007', '2', '1', '1', '2018-01-31 10:30:59', '2018-01-31 10:30:59');
INSERT INTO `tb_host_product` VALUES ('10018012500008', '2', '1', '1', '2018-01-31 14:23:19', '2018-01-31 14:23:19');
INSERT INTO `tb_host_product` VALUES ('10018012500009', '3', '1', '1', '2018-01-30 20:33:22', '2018-01-30 20:33:22');
INSERT INTO `tb_host_product` VALUES ('10018012500010', '3', '1', '1', '2018-01-31 10:28:32', '2018-01-31 10:28:32');
INSERT INTO `tb_host_product` VALUES ('10018012500011', '3', '1', '1', '2018-01-31 10:30:59', '2018-01-31 10:30:59');
INSERT INTO `tb_host_product` VALUES ('10018012500012', '3', '1', '1', '2018-01-31 14:23:19', '2018-01-31 14:23:19');
INSERT INTO `tb_host_product` VALUES ('10018012500013', '4', '1', '1', '2018-01-30 20:33:22', '2018-01-30 20:33:22');
INSERT INTO `tb_host_product` VALUES ('10018012500014', '4', '1', '1', '2018-01-31 10:28:32', '2018-01-31 10:28:32');
INSERT INTO `tb_host_product` VALUES ('10018012500015', '4', '1', '1', '2018-01-31 10:30:59', '2018-01-31 10:30:59');
INSERT INTO `tb_host_product` VALUES ('10018012500016', '4', '1', '1', '2018-01-31 14:23:19', '2018-01-31 14:23:19');
INSERT INTO `tb_host_product` VALUES ('10018012500017', '5', '1', '1', '2018-01-30 20:33:22', '2018-01-30 20:33:22');
INSERT INTO `tb_host_product` VALUES ('10018012500018', '5', '1', '1', '2018-01-31 10:28:32', '2018-01-31 10:28:32');
INSERT INTO `tb_host_product` VALUES ('10018012500019', '5', '1', '1', '2018-01-31 10:30:59', '2018-01-31 10:30:59');
INSERT INTO `tb_host_product` VALUES ('10018012500020', '5', '1', '1', '2018-01-31 14:23:19', '2018-01-31 14:23:19');
INSERT INTO `tb_host_product` VALUES ('10018012500021', '6', '1', '1', '2018-01-30 20:33:22', '2018-01-30 20:33:22');
INSERT INTO `tb_host_product` VALUES ('10018012500022', '6', '1', '1', '2018-01-31 10:28:32', '2018-01-31 10:28:32');
INSERT INTO `tb_host_product` VALUES ('10018012500023', '6', '1', '1', '2018-01-31 10:30:59', '2018-01-31 10:30:59');
INSERT INTO `tb_host_product` VALUES ('10018012500024', '6', '1', '1', '2018-01-31 14:23:19', '2018-01-31 14:23:19');
INSERT INTO `tb_host_product` VALUES ('10018012500025', '25', '1', '1', '2018-03-15 17:05:39', '2018-03-15 17:05:39');
INSERT INTO `tb_host_product` VALUES ('10018012500026', '25', '1', '1', '2018-03-15 17:11:44', '2018-03-15 17:11:44');
INSERT INTO `tb_host_product` VALUES ('10018012500028', '26', '1', '1', '2018-03-15 17:35:18', '2018-03-15 17:35:18');
INSERT INTO `tb_host_product` VALUES ('10018032300001', '29', '1', '1', '2018-03-23 23:39:20', '2018-03-23 23:39:20');
INSERT INTO `tb_host_product` VALUES ('10018121000001', '30', '1', '1', '2018-12-10 01:18:12', '2018-12-10 01:18:12');
INSERT INTO `tb_host_product` VALUES ('10618121000001', '30', '6', '1', '2018-12-10 00:14:04', '2018-12-10 00:14:04');

-- ----------------------------
-- Table structure for tb_product_cat
-- ----------------------------
DROP TABLE IF EXISTS `tb_product_cat`;
CREATE TABLE `tb_product_cat` (
  `product_cat_id` int(11) NOT NULL AUTO_INCREMENT COMMENT '传感器类别ID',
  `name` varchar(50) NOT NULL COMMENT '传感器名称',
  `status` tinyint(4) DEFAULT '1' COMMENT '状态1正常 0删除',
  `created` datetime DEFAULT NULL,
  `updated` datetime DEFAULT NULL,
  PRIMARY KEY (`product_cat_id`)
) ENGINE=InnoDB AUTO_INCREMENT=7 DEFAULT CHARSET=utf8 COMMENT='传感器类别对应表';

-- ----------------------------
-- Records of tb_product_cat
-- ----------------------------
INSERT INTO `tb_product_cat` VALUES ('1', '土壤五层温度智能传感器', '1', '2018-01-23 19:40:23', '2018-01-23 19:40:25');
INSERT INTO `tb_product_cat` VALUES ('2', '土壤湿度传感器', '1', '2018-01-23 19:40:24', '2018-01-23 19:40:24');
INSERT INTO `tb_product_cat` VALUES ('3', '大气温度传感器', '1', '2018-01-23 19:40:25', '2018-01-23 19:40:25');
INSERT INTO `tb_product_cat` VALUES ('4', '大气湿度传感器)', '1', '2018-01-23 19:40:25', '2018-01-23 19:40:25');
INSERT INTO `tb_product_cat` VALUES ('5', 'GPS', '1', '2018-01-23 19:40:25', '2018-01-23 19:40:25');
INSERT INTO `tb_product_cat` VALUES ('6', '粮仓温湿度', '1', '2018-12-09 21:49:28', '2018-12-09 21:49:31');

-- ----------------------------
-- Table structure for tb_user
-- ----------------------------
DROP TABLE IF EXISTS `tb_user`;
CREATE TABLE `tb_user` (
  `id` int(20) NOT NULL AUTO_INCREMENT,
  `username` varchar(50) NOT NULL,
  `password` varchar(32) NOT NULL,
  `phone` varchar(20) DEFAULT NULL,
  `email` varchar(50) DEFAULT NULL,
  `created` datetime DEFAULT NULL,
  `updated` datetime DEFAULT NULL,
  PRIMARY KEY (`id`)
) ENGINE=InnoDB AUTO_INCREMENT=46 DEFAULT CHARSET=utf8;

-- ----------------------------
-- Records of tb_user
-- ----------------------------
INSERT INTO `tb_user` VALUES ('38', '520', 'cf67355a3333e6e143439161adc2d82e', '15546127950', 'admin@flyjava.com', '2018-01-09 10:51:55', '2018-04-26 20:23:21');
INSERT INTO `tb_user` VALUES ('39', '521', '07563a3fe3bbe7e3ba84431ad9d055af', '15546798520', null, '2018-03-08 03:55:43', '2018-03-08 03:55:43');
INSERT INTO `tb_user` VALUES ('40', '8520', 'a709909b1ea5c2bee24248203b1728a5', '15888888888', '88855555@qq.cpm', '2018-03-12 03:55:24', '2018-03-21 01:35:58');
INSERT INTO `tb_user` VALUES ('41', 'yafei', 'b1c9967abf0ee9b51bb7ef3a9904a47f', '13225659960', null, '2018-01-01 16:43:20', '2018-01-02 16:43:20');
INSERT INTO `tb_user` VALUES ('42', 'textUser', 'e10adc3949ba59abbe56e057f20f883e', '18888888888', null, '2018-03-23 23:23:25', '2018-03-23 23:23:25');
INSERT INTO `tb_user` VALUES ('43', '1', 'c4ca4238a0b923820dcc509a6f75849b', '18846085973', null, '2018-04-26 20:21:02', '2018-04-26 20:21:02');
INSERT INTO `tb_user` VALUES ('44', 'A07170509', '249ab3c8d38ae4c2c4129969b2e0655e', '15007057446', null, '2018-05-13 19:37:01', '2018-05-13 19:37:01');
INSERT INTO `tb_user` VALUES ('45', 'A07170125', 'ad92ab443490a1b3a48f906cbdd20316', '18103604002', null, '2018-05-15 20:20:27', '2018-05-15 20:20:27');

-- ----------------------------
-- Table structure for tb_user_host
-- ----------------------------
DROP TABLE IF EXISTS `tb_user_host`;
CREATE TABLE `tb_user_host` (
  `host_id` bigint(20) NOT NULL AUTO_INCREMENT COMMENT '主机id',
  `user_id` bigint(20) NOT NULL COMMENT '用户ID',
  `host_name` varchar(50) DEFAULT NULL COMMENT '主机名称',
  `status` tinyint(4) DEFAULT '1' COMMENT '主机状态 1正常0删除 ',
  `updated` datetime DEFAULT NULL COMMENT '更新时间',
  `created` datetime DEFAULT NULL COMMENT '更新时间',
  PRIMARY KEY (`host_id`)
) ENGINE=InnoDB AUTO_INCREMENT=31 DEFAULT CHARSET=utf8 COMMENT='用户_主机表,一个用户可以对应多个主机，一个主机可以有多个配套的传感器';

-- ----------------------------
-- Records of tb_user_host
-- ----------------------------
INSERT INTO `tb_user_host` VALUES ('1', '38', '东北农业大学测控研究室测试1', '1', '2018-01-23 19:40:23', '2018-01-23 19:40:23');
INSERT INTO `tb_user_host` VALUES ('2', '38', '东北农业大学测控研究室测试2', '1', '2018-01-23 19:40:23', '2018-01-23 19:40:23');
INSERT INTO `tb_user_host` VALUES ('3', '38', '东北农业大学测控研究室测试3', '1', '2018-01-23 19:40:23', '2018-01-23 19:40:23');
INSERT INTO `tb_user_host` VALUES ('4', '38', '东北农业大学测控研究室测试4', '1', '2018-01-24 14:48:14', '2018-01-24 14:48:14');
INSERT INTO `tb_user_host` VALUES ('5', '38', '东北农业大学测控研究室测试5', '1', '2018-01-24 15:17:40', '2018-01-24 15:17:40');
INSERT INTO `tb_user_host` VALUES ('6', '38', '东北农业大学测控研究室测试6', '1', '2018-01-24 18:35:53', '2018-01-24 18:35:53');
INSERT INTO `tb_user_host` VALUES ('14', '40', '8520', '1', '2018-03-12 22:00:30', '2018-03-12 22:00:30');
INSERT INTO `tb_user_host` VALUES ('15', '40', '520', '1', '2018-03-12 22:08:14', '2018-03-12 22:08:14');
INSERT INTO `tb_user_host` VALUES ('16', '40', '520', '1', '2018-03-12 22:08:17', '2018-03-12 22:08:17');
INSERT INTO `tb_user_host` VALUES ('17', '40', '520', '1', '2018-03-12 22:08:48', '2018-03-12 22:08:48');
INSERT INTO `tb_user_host` VALUES ('18', '40', '521', '1', '2018-03-12 22:22:15', '2018-03-12 22:22:15');
INSERT INTO `tb_user_host` VALUES ('19', '40', '520', '1', '2018-03-12 22:22:26', '2018-03-12 22:22:26');
INSERT INTO `tb_user_host` VALUES ('20', '40', '520', '1', '2018-03-12 22:22:37', '2018-03-12 22:22:37');
INSERT INTO `tb_user_host` VALUES ('21', '40', '520', '1', '2018-03-12 22:22:47', '2018-03-12 22:22:47');
INSERT INTO `tb_user_host` VALUES ('22', '40', '520', '1', '2018-03-12 22:24:14', '2018-03-12 22:24:14');
INSERT INTO `tb_user_host` VALUES ('23', '40', '520', '1', '2018-03-12 22:37:37', '2018-03-12 22:37:37');
INSERT INTO `tb_user_host` VALUES ('24', '40', '520', '1', '2018-03-12 22:37:49', '2018-03-12 22:37:49');
INSERT INTO `tb_user_host` VALUES ('25', '41', '安徽大学测试1', '1', '2018-03-15 16:55:53', '2018-03-15 16:55:53');
INSERT INTO `tb_user_host` VALUES ('26', '41', '安徽大学监测器', '1', '2018-03-15 16:56:33', '2018-03-15 16:56:33');
INSERT INTO `tb_user_host` VALUES ('27', '41', '安徽大学监测器1', '1', '2018-03-15 16:57:24', '2018-03-15 16:57:24');
INSERT INTO `tb_user_host` VALUES ('28', '41', 'kkk', '1', '2018-03-15 17:00:07', '2018-03-15 17:00:07');
INSERT INTO `tb_user_host` VALUES ('29', '42', '物联网云平台测试主机', '1', '2018-03-23 23:35:10', '2018-03-23 23:35:10');
INSERT INTO `tb_user_host` VALUES ('30', '39', '彭皖的主机1', '1', '2018-12-10 00:13:36', '2018-12-10 00:13:36');
